canonical_id,canonical_book,canonical_file,mirror_book,mirror_chapter,mirror_id,canonical_text_sha256,status,mirror_present
h1-m1-1-no-till-bed-establishment,5,LSE_BOOK_5_FIELD_COMPANION_WORKING.html,1,Chapter 10,mirror-b1-m1-1-h1-m1-1-no-till-bed-establishment,f5e77c64d7ce99f3c5a975431366f7dfd790121b559d957706ab4e16abebfe91,generated from canonical source,True
h1-m1-2-annual-top-dress-protocol,5,LSE_BOOK_5_FIELD_COMPANION_WORKING.html,1,Chapter 10,mirror-b1-m1-2-h1-m1-2-annual-top-dress-protocol,e4099794c76975abf90d667f6a493262941a24b94c3092796506692886292696,generated from canonical source,True
h1-m4-4-cover-crop-planting-and-termination-sop,5,LSE_BOOK_5_FIELD_COMPANION_WORKING.html,1,Chapter 10,mirror-b1-m4-4-h1-m4-4-cover-crop-planting-and-termination-sop,5d7f3b71947ee41f79f4023f85a8ac8b7fb23e3193960d2690bb3cf26a43848b,generated from canonical source,True
h1-m3-3-irrigation-system-maintenance-sop,5,LSE_BOOK_5_FIELD_COMPANION_WORKING.html,1,Chapter 12,mirror-b1-m3-3-h1-m3-3-irrigation-system-maintenance-sop,f78fe38ce27e4b69ccd59ba815b4aa58c2aed80bc55077121bcfb94dfc8dd235,generated from canonical source,True
h1-m4-1-garden-sanitation-and-tool-hygiene-sop,5,LSE_BOOK_5_FIELD_COMPANION_WORKING.html,1,Chapter 16,mirror-b1-m4-1-h1-m4-1-garden-sanitation-and-tool-hygiene-sop,48256488d77632d5b146d7a00237f3f2f04285223e725a08e337f748d7a53d1e,generated from canonical source,True
h1-m4-2-tool-maintenance-and-sharpening-sop,5,LSE_BOOK_5_FIELD_COMPANION_WORKING.html,1,Chapter 16,mirror-b1-m4-2-h1-m4-2-tool-maintenance-and-sharpening-sop,23d06d7765c7df5cb3c3628b99f6a6943b7b9230fae453e6cecd6b0ee143e3ae,generated from canonical source,True
h1-m1-3-compost-pile-building-and-management,5,LSE_BOOK_5_FIELD_COMPANION_WORKING.html,2,Chapter 1,mirror-b2-m1-3-h1-m1-3-compost-pile-building-and-management,713214e35b35d79eab41034354a9a64d467679e39f3a321c12162432b5c2f989,generated from canonical source,True
h1-lse-163-m2-3-mycorrhizal-inoculation-at-transplant,5,LSE_BOOK_5_FIELD_COMPANION_WORKING.html,2,Chapter 4,mirror-b2-m2-3-h1-lse-163-m2-3-mycorrhizal-inoculation-at-transplant,d24576902e195b0f0fb88ade2ccd2c9393b4edeaef921793d1df36ac015b21ce,generated from canonical source,True
h1-lse-161-m2-1-aact-brewing-protocol,5,LSE_BOOK_5_FIELD_COMPANION_WORKING.html,2,Chapter 5,mirror-b2-m2-1-h1-lse-161-m2-1-aact-brewing-protocol,11660bc5c368db77903fd26ab5279040ca9837ca1ea86293516c8dad0a8073c9,generated from canonical source,True
h1-bacillus-thuringiensis-bt-kurstaki-israelensis-aizawai,4,LSE_BOOK_4_PLANT_HEALTH_AND_DEFENSE_WORKING.html,2,Chapter 9,mirror-b2-control-h1-bacillus-thuringiensis-bt-kurstaki-israelensis-aizawai,957fac692c2765afbdf587d197c663cba3dd691a4360235202db987636af162d,generated from canonical source,True
h1-spinosad-spinosyn,4,LSE_BOOK_4_PLANT_HEALTH_AND_DEFENSE_WORKING.html,2,Chapter 9,mirror-b2-control-h1-spinosad-spinosyn,3abde490c407e666e7ede60bba3d9b7bbbc073feba0379b80abb9136178edc70,generated from canonical source,True
h1-beauveria-bassiana,4,LSE_BOOK_4_PLANT_HEALTH_AND_DEFENSE_WORKING.html,2,Chapter 9,mirror-b2-control-h1-beauveria-bassiana,1b85f18482e3152f8ab396af2d85b71ad5a9e56761c88d1f1bc9078e2e484427,generated from canonical source,True
h1-isaria-fumosorosea-pfr-97,4,LSE_BOOK_4_PLANT_HEALTH_AND_DEFENSE_WORKING.html,2,Chapter 9,mirror-b2-control-h1-isaria-fumosorosea-pfr-97,b2c31b95149732cfa49842e76e19675c2d167cad4240a06411f5ba86925769d7,generated from canonical source,True
h1-paecilomyces-purpureocillium-lilacinum,4,LSE_BOOK_4_PLANT_HEALTH_AND_DEFENSE_WORKING.html,2,Chapter 9,mirror-b2-control-h1-paecilomyces-purpureocillium-lilacinum,31805308736469f42b91471a4847ebd0a6d4532f2c75c74761863f2db97fd896,generated from canonical source,True
h1-chromobacterium-subtsugae-grandevo,4,LSE_BOOK_4_PLANT_HEALTH_AND_DEFENSE_WORKING.html,2,Chapter 9,mirror-b2-control-h1-chromobacterium-subtsugae-grandevo,9610545c1dd8b9181d54fd64fb3f891d16f6369a4b35abe0d5dac0cb9213bdbe,generated from canonical source,True
h1-steinernema-feltiae,4,LSE_BOOK_4_PLANT_HEALTH_AND_DEFENSE_WORKING.html,2,Chapter 9,mirror-b2-control-h1-steinernema-feltiae,0829d8781ebe105df9a169f35e5a545cac7052ea69a170c3c20abf83ec083970,generated from canonical source,True
h1-heterorhabditis-bacteriophora,4,LSE_BOOK_4_PLANT_HEALTH_AND_DEFENSE_WORKING.html,2,Chapter 9,mirror-b2-control-h1-heterorhabditis-bacteriophora,341df79a8766767be8578a38cbb39c03615ce7aa29744e0f92ef6fb75de900cc,generated from canonical source,True
h1-neem-cake-karanja-cake,4,LSE_BOOK_4_PLANT_HEALTH_AND_DEFENSE_WORKING.html,2,Chapter 9,mirror-b2-control-h1-neem-cake-karanja-cake,c79017429923ca973604b15d8837a20585a8aafb0eefb927513a2a0e211f1165,generated from canonical source,True
h1-diatomaceous-earth-food-grade,4,LSE_BOOK_4_PLANT_HEALTH_AND_DEFENSE_WORKING.html,2,Chapter 9,mirror-b2-control-h1-diatomaceous-earth-food-grade,41f732babda77caf54b02ca2c12c960eb2eb673451a5e1781e36dcb6bd72f01a,generated from canonical source,True
h1-kaolin-clay-surround-wp,4,LSE_BOOK_4_PLANT_HEALTH_AND_DEFENSE_WORKING.html,2,Chapter 9,mirror-b2-control-h1-kaolin-clay-surround-wp,cb6eddb20211bda926cfc13f9435e7e2575e590657ab6d81bb82fd1724682e68,generated from canonical source,True
h1-iron-phosphate,4,LSE_BOOK_4_PLANT_HEALTH_AND_DEFENSE_WORKING.html,2,Chapter 9,mirror-b2-control-h1-iron-phosphate,4a6675a71bb5cf1a1147976e88f1f6a9ac8c906c7caa8ab725a74a242eefd672,generated from canonical source,True
h1-copper-sulfate-copper-hydroxide-copper-octanoate,4,LSE_BOOK_4_PLANT_HEALTH_AND_DEFENSE_WORKING.html,2,Chapter 10,mirror-b2-disease-h1-copper-sulfate-copper-hydroxide-copper-octanoate,eaec7371ef77db645083d12cd101d0fc0b8f10e64a6cc7aaba0c3ec1217e0373,generated from canonical source,True
h1-wettable-sulfur,4,LSE_BOOK_4_PLANT_HEALTH_AND_DEFENSE_WORKING.html,2,Chapter 10,mirror-b2-disease-h1-wettable-sulfur,a783ae91c2d259668faeed92226ce6a592435e411b1472d8284f4b4be7447593,generated from canonical source,True
h1-potassium-bicarbonate,4,LSE_BOOK_4_PLANT_HEALTH_AND_DEFENSE_WORKING.html,2,Chapter 10,mirror-b2-disease-h1-potassium-bicarbonate,6ed1dcf327ae48366e178892b21cdc265ce5461e969a10c187ae11ef8d721ef7,generated from canonical source,True
h1-m4-3-seasonal-succession-and-bed-pivoting-sop,5,LSE_BOOK_5_FIELD_COMPANION_WORKING.html,3,Chapter 4,mirror-b3-m4-3-h1-m4-3-seasonal-succession-and-bed-pivoting-sop,f3d35091706ed75915a72841c5b144a657ca74828c387b98099959de6aa28625,generated from canonical source,True
h1-m3-4-harvesting-and-post-harvest-handling-sop,5,LSE_BOOK_5_FIELD_COMPANION_WORKING.html,3,Chapter 7,mirror-b3-m3-4-h1-m3-4-harvesting-and-post-harvest-handling-sop,de00ecd5902f6fceb0965d0189de8185e5c70e8916a01205811c05c60ca1cdaa,generated from canonical source,True
h1-lse-232-sop-seed-starting-and-transplanting,5,LSE_BOOK_5_FIELD_COMPANION_WORKING.html,3,Crop Encyclopedia introduction,mirror-b3-lse-232-h1-lse-232-sop-seed-starting-and-transplanting,ffac83992c299beeb5a71e7b87dc7b73740942424e0a24077a83001bbc978053,generated from canonical source,True
h1-m3-1-daily-scouting-sop,5,LSE_BOOK_5_FIELD_COMPANION_WORKING.html,4,Chapter 1,mirror-b4-m3-1-h1-m3-1-daily-scouting-sop,420412ced485dd53300c8fd355989cee723f2f3c22da7746229aa63418686a4e,generated from canonical source,True
h1-m3-2-ipm-decision-and-intervention-sop,5,LSE_BOOK_5_FIELD_COMPANION_WORKING.html,4,Chapter 1,mirror-b4-m3-2-h1-m3-2-ipm-decision-and-intervention-sop,601e57d442f158c2ee8d7785c4d0c80bf1db2c63e6839ce1e722c46764041377,generated from canonical source,True
h1-lse-162-m2-2-foliar-spray-application-sop,5,LSE_BOOK_5_FIELD_COMPANION_WORKING.html,4,Chapter 5,mirror-b4-m2-2-h1-lse-162-m2-2-foliar-spray-application-sop,5f47f09ecf7edc026acad424d28996742f6630c2f238d2e31888eaaf675360c4,generated from canonical source,True
