"path","name","bytes","bucket","why"
"C:\Users\dstor\lse-repo\assets\B30_001__LSE_FOUND_B26_ABIOTIC_Pepper_Sunscald_ExposedFruit_DonFerrin_Bugwood_CC-BY-3.jpg","B30_001__LSE_FOUND_B26_ABIOTIC_Pepper_Sunscald_ExposedFruit_DonFerrin_Bugwood_CC-BY-3.jpg","449177","keep","already jpeg"
"C:\Users\dstor\lse-repo\assets\B30_002__LSE_FOUND_B26_ABIOTIC_Tomato_FruitCracking_IrregularIrrigationCue_Fructibus_CC0.jpg","B30_002__LSE_FOUND_B26_ABIOTIC_Tomato_FruitCracking_IrregularIrrigationCue_Fructibus_CC0.jpg","48356","keep","small"
"C:\Users\dstor\lse-repo\assets\B30_003__LSE_FOUND_B26_ABIOTIC_Tomato_Catfacing_FruitDeformity_ParthasarathySeethapathy_CC-BY-SA-4.jpg","B30_003__LSE_FOUND_B26_ABIOTIC_Tomato_Catfacing_FruitDeformity_ParthasarathySeethapathy_CC-BY-SA-4.jpg","69197","keep","small"
"C:\Users\dstor\lse-repo\assets\B30_004__LSE_FOUND_B26_ABIOTIC_Tomato_HailDamage_BruisedBrokenStems_DwightSipler_CC-BY-2.jpg","B30_004__LSE_FOUND_B26_ABIOTIC_Tomato_HailDamage_BruisedBrokenStems_DwightSipler_CC-BY-2.jpg","130648","keep","small"
"C:\Users\dstor\lse-repo\assets\B30_005__LSE_FOUND_B26_ROOTS_Container_Rootbound_CirclingRoots_B137_CC0.jpg","B30_005__LSE_FOUND_B26_ROOTS_Container_Rootbound_CirclingRoots_B137_CC0.jpg","110552","keep","small"
"C:\Users\dstor\lse-repo\assets\B30_006__LSE_FOUND_B26_ROOTS_Tomato_RootKnotNematode_GalledRoots_PlantPestsDiseases_CC0.jpg","B30_006__LSE_FOUND_B26_ROOTS_Tomato_RootKnotNematode_GalledRoots_PlantPestsDiseases_CC0.jpg","154818","keep","already jpeg"
"C:\Users\dstor\lse-repo\assets\B30_007__LSE_FOUND_B26_COMPOST_Compost_MaturityContamination_TemperatureInspection_StephenAusmus_USDA-PD.jpg","B30_007__LSE_FOUND_B26_COMPOST_Compost_MaturityContamination_TemperatureInspection_StephenAusmus_USDA-PD.jpg","96187","keep","small"
"C:\Users\dstor\lse-repo\assets\B30_008__LSE_FOUND_B26_SOIL_AggregateStability_SlakeComparison_LanceCheung_USDA-PD.jpg","B30_008__LSE_FOUND_B26_SOIL_AggregateStability_SlakeComparison_LanceCheung_USDA-PD.jpg","86493","keep","small"
"C:\Users\dstor\lse-repo\assets\B30_009__LSE_FOUND_B26_WATER_DripIrrigation_WettingPattern_PeggyGreb_USDA-PD.jpg","B30_009__LSE_FOUND_B26_WATER_DripIrrigation_WettingPattern_PeggyGreb_USDA-PD.jpg","231166","keep","already jpeg"
"C:\Users\dstor\lse-repo\assets\B30_010__LSE_FOUND_B26_PEST_SquashBug_EggCluster_UndersidePumpkinLeaf_Bdm25_CC-BY-SA-4.jpg","B30_010__LSE_FOUND_B26_PEST_SquashBug_EggCluster_UndersidePumpkinLeaf_Bdm25_CC-BY-SA-4.jpg","63551","keep","small"
"C:\Users\dstor\lse-repo\assets\B30_011__LSE_FOUND_B26_PEST_SquashBug_EggCluster_AnasaTristis_BeatrizMoisset_CC-BY-SA-4.jpg","B30_011__LSE_FOUND_B26_PEST_SquashBug_EggCluster_AnasaTristis_BeatrizMoisset_CC-BY-SA-4.jpg","55991","keep","small"
"C:\Users\dstor\lse-repo\assets\B30_012__LSE_FOUND_B26_PEST_SquashBug_Nymphs_OnSummerSquash_Pollinator_CC-BY-2-5.jpg","B30_012__LSE_FOUND_B26_PEST_SquashBug_Nymphs_OnSummerSquash_Pollinator_CC-BY-2-5.jpg","79183","keep","small"
"C:\Users\dstor\lse-repo\assets\B30_013__LSE_FOUND_B26_PEST_SquashBug_Adult_MarginalResolution_Downtowngal_CC0.jpg","B30_013__LSE_FOUND_B26_PEST_SquashBug_Adult_MarginalResolution_Downtowngal_CC0.jpg","41696","keep","small"
"C:\Users\dstor\lse-repo\assets\B30_022__LSE_FOUND_B27_ABIOTIC_Tomato_2-4DDrift_CuppedNewGrowth_MaryAnnHansen-Bugwood_CONDITIONAL.jpg","B30_022__LSE_FOUND_B27_ABIOTIC_Tomato_2-4DDrift_CuppedNewGrowth_MaryAnnHansen-Bugwood_CONDITIONAL.jpg","40866","keep","small"
"C:\Users\dstor\lse-repo\assets\B30_023__LSE_FOUND_B27_ABIOTIC_Tomato_GlyphosateInjury_YellowDistortedNewGrowth_NathanHoward-Bugwood_VERIFY.jpg","B30_023__LSE_FOUND_B27_ABIOTIC_Tomato_GlyphosateInjury_YellowDistortedNewGrowth_NathanHoward-Bugwood_VERIFY.jpg","38820","keep","small"
"C:\Users\dstor\lse-repo\assets\B30_024__LSE_FOUND_B27_ABIOTIC_Tomato_2-4DInjury_TwistedCurlingShoot_PBacchi-Bugwood_VERIFY.png","B30_024__LSE_FOUND_B27_ABIOTIC_Tomato_2-4DInjury_TwistedCurlingShoot_PBacchi-Bugwood_VERIFY.png","306895","jpeg","illustration"
"C:\Users\dstor\lse-repo\assets\B30_025__LSE_FOUND_B27_ROOTS_Tomato_FusariumWilt_VascularBrowningStemSplit_NCSU-IngaMeadows_VERIFY.jpg","B30_025__LSE_FOUND_B27_ROOTS_Tomato_FusariumWilt_VascularBrowningStemSplit_NCSU-IngaMeadows_VERIFY.jpg","37967","keep","small"
"C:\Users\dstor\lse-repo\assets\B30_026__LSE_FOUND_B27_ROOTS_Pepper_DampingOff_StemCankerSoilLine_UMass-TSmith_VERIFY.jpg","B30_026__LSE_FOUND_B27_ROOTS_Pepper_DampingOff_StemCankerSoilLine_UMass-TSmith_VERIFY.jpg","93909","keep","small"
"C:\Users\dstor\lse-repo\assets\B30_027__LSE_FOUND_B27_PEST_Cowpea_CowpeaCurculio_PodCrossSectionLarvaAdult_UGA_VERIFY.jpg","B30_027__LSE_FOUND_B27_PEST_Cowpea_CowpeaCurculio_PodCrossSectionLarvaAdult_UGA_VERIFY.jpg","12837","keep","small"
"C:\Users\dstor\lse-repo\assets\B30_028__LSE_FOUND_B27_PEST_Cowpea_CowpeaCurculio_LarvaInsidePodRisk_UGA_VERIFY.jpg","B30_028__LSE_FOUND_B27_PEST_Cowpea_CowpeaCurculio_LarvaInsidePodRisk_UGA_VERIFY.jpg","3619","keep","small"
"C:\Users\dstor\lse-repo\assets\B30_029__LSE_FOUND_B27_PEST_Cowpea_CowpeaCurculio_AdultScouting_UGA_VERIFY.jpg","B30_029__LSE_FOUND_B27_PEST_Cowpea_CowpeaCurculio_AdultScouting_UGA_VERIFY.jpg","14761","keep","small"
"C:\Users\dstor\lse-repo\assets\B30_030__LSE_FOUND_B27_PEST_Eggplant_FleaBeetle_ShotHolePittedLeaf_DavidCappaert-Bugwood_VERIFY.jpg","B30_030__LSE_FOUND_B27_PEST_Eggplant_FleaBeetle_ShotHolePittedLeaf_DavidCappaert-Bugwood_VERIFY.jpg","54663","keep","small"
"C:\Users\dstor\lse-repo\assets\B30_031__LSE_FOUND_B27_PEST_Corn_BlackCutworm_SeveredSeedlingDamage_WM-Hantsbarger_CC-BY-3.0-US.jpg","B30_031__LSE_FOUND_B27_PEST_Corn_BlackCutworm_SeveredSeedlingDamage_WM-Hantsbarger_CC-BY-3.0-US.jpg","118351","keep","small"
"C:\Users\dstor\lse-repo\assets\B30_032__LSE_FOUND_B27_EXCLUSION_Seedlings_CutwormCollars_CardboardBarrier_KathleenMoore_CC-BY-2.0.jpg","B30_032__LSE_FOUND_B27_EXCLUSION_Seedlings_CutwormCollars_CardboardBarrier_KathleenMoore_CC-BY-2.0.jpg","65277","keep","small"
"C:\Users\dstor\lse-repo\assets\B30_033__LSE_FOUND_B27_EXCLUSION_VegetableBeds_FloatingRowCover_PhysicalBarrier_ScotNelson_CONDITIONAL.jpg","B30_033__LSE_FOUND_B27_EXCLUSION_VegetableBeds_FloatingRowCover_PhysicalBarrier_ScotNelson_CONDITIONAL.jpg","43866","keep","small"
"C:\Users\dstor\lse-repo\assets\B30_034__LSE_FOUND_B27_EXCLUSION_Containers_SlugBarrier_CopperTape_KathleenMoore_CC-BY-2.0.jpg","B30_034__LSE_FOUND_B27_EXCLUSION_Containers_SlugBarrier_CopperTape_KathleenMoore_CC-BY-2.0.jpg","61030","keep","small"
"C:\Users\dstor\lse-repo\assets\B30_035__LSE_FOUND_B27_ABIOTIC_Squash_PesticideBurn_SoapPyrethrinLeafScorch_UMD_VERIFY.jpg","B30_035__LSE_FOUND_B27_ABIOTIC_Squash_PesticideBurn_SoapPyrethrinLeafScorch_UMD_VERIFY.jpg","81843","keep","small"
"C:\Users\dstor\lse-repo\assets\B30_036__LSE_FOUND_B27_ABIOTIC_Bean_PesticideBurn_LeafScorch_UMD_VERIFY.png","B30_036__LSE_FOUND_B27_ABIOTIC_Bean_PesticideBurn_LeafScorch_UMD_VERIFY.png","1574933","jpeg","illustration"
"C:\Users\dstor\lse-repo\assets\B30_037__LSE_FOUND_B27_ABIOTIC_VegetableTransplant_ColdFreezeDamage_WhiteLeaves_UMD_VERIFY.jpg","B30_037__LSE_FOUND_B27_ABIOTIC_VegetableTransplant_ColdFreezeDamage_WhiteLeaves_UMD_VERIFY.jpg","21382","keep","small"
"C:\Users\dstor\lse-repo\assets\B30_038__LSE_FOUND_B27_ABIOTIC_Tomato_FertilizerBurn_YoungLeafScorch_UMD_VERIFY.jpg","B30_038__LSE_FOUND_B27_ABIOTIC_Tomato_FertilizerBurn_YoungLeafScorch_UMD_VERIFY.jpg","19716","keep","small"
"C:\Users\dstor\lse-repo\assets\B30_039__LSE_FOUND_B27_ABIOTIC_Tomato_FlumioxazinDrift_FruitNecrosis_NCSU-CC-BY-NC-SA_REJECT.png","B30_039__LSE_FOUND_B27_ABIOTIC_Tomato_FlumioxazinDrift_FruitNecrosis_NCSU-CC-BY-NC-SA_REJECT.png","190157","jpeg","illustration"
"C:\Users\dstor\lse-repo\assets\B30_040__LSE_FOUND_B27_ABIOTIC_Tomato_FlumioxazinDrift_FoliageStemNecrosis_NCSU-CC-BY-NC-SA_REJECT.png","B30_040__LSE_FOUND_B27_ABIOTIC_Tomato_FlumioxazinDrift_FoliageStemNecrosis_NCSU-CC-BY-NC-SA_REJECT.png","458786","jpeg","illustration"
"C:\Users\dstor\lse-repo\assets\B30_045__LSE_FOUND_B28_ABIOTIC_Tomato_HailDamage_FruitBruisesHoles_DwightSipler_CC-BY-2.0.jpg","B30_045__LSE_FOUND_B28_ABIOTIC_Tomato_HailDamage_FruitBruisesHoles_DwightSipler_CC-BY-2.0.jpg","92438","keep","small"
"C:\Users\dstor\lse-repo\assets\B30_046__LSE_FOUND_B28_ROOTS_Tomato_BacterialWilt_StemCrossSection_ClemsonUSDA_CC-BY-3.0.jpg","B30_046__LSE_FOUND_B28_ROOTS_Tomato_BacterialWilt_StemCrossSection_ClemsonUSDA_CC-BY-3.0.jpg","109937","keep","small"
"C:\Users\dstor\lse-repo\assets\B30_047__LSE_FOUND_B28_DISEASE_Tomato_RhizoctoniaSolani_FruitRotBlackLesions_JGK_hn_CC-BY-3.0.jpg","B30_047__LSE_FOUND_B28_DISEASE_Tomato_RhizoctoniaSolani_FruitRotBlackLesions_JGK_hn_CC-BY-3.0.jpg","106283","keep","small"
"C:\Users\dstor\lse-repo\assets\B30_048__LSE_FOUND_B28_PEST_Brassica_CabbageFlyMaggot_RootDamage_Kohlrabi_SchlagheckenJosef_CC-BY-4.0.jpg","B30_048__LSE_FOUND_B28_PEST_Brassica_CabbageFlyMaggot_RootDamage_Kohlrabi_SchlagheckenJosef_CC-BY-4.0.jpg","73518","keep","small"
"C:\Users\dstor\lse-repo\assets\B30_049__LSE_FOUND_B28_SOIL_DroughtDrySoil_CrackingScale_VladislavNekrasov_CC-BY-4.0.jpg","B30_049__LSE_FOUND_B28_SOIL_DroughtDrySoil_CrackingScale_VladislavNekrasov_CC-BY-4.0.jpg","96204","keep","small"
"C:\Users\dstor\lse-repo\assets\B30_050__LSE_FOUND_B28_ABIOTIC_Tomato_FrostDamage_LeafFruitBurn_AmroBinKulthoum_CC-BY-SA-3.0.jpg","B30_050__LSE_FOUND_B28_ABIOTIC_Tomato_FrostDamage_LeafFruitBurn_AmroBinKulthoum_CC-BY-SA-3.0.jpg","172653","keep","already jpeg"
"C:\Users\dstor\lse-repo\assets\B30_051__LSE_FOUND_B28_DISEASE_Tomato_SouthernBlight_SclerotiaAtCrown_PersleyCooke_CC-BY-SA-3.0_LOWRES.jpg","B30_051__LSE_FOUND_B28_DISEASE_Tomato_SouthernBlight_SclerotiaAtCrown_PersleyCooke_CC-BY-SA-3.0_LOWRES.jpg","61088","keep","small"
"C:\Users\dstor\lse-repo\assets\B30_052__LSE_FOUND_B28_PEST_Brassica_CabbageFlyLarva_StalkDamage_PakChoi_SchlagheckenJosef_CC-BY-SA-4.0.jpg","B30_052__LSE_FOUND_B28_PEST_Brassica_CabbageFlyLarva_StalkDamage_PakChoi_SchlagheckenJosef_CC-BY-SA-4.0.jpg","184187","keep","already jpeg"
"C:\Users\dstor\lse-repo\assets\B30_053__LSE_FOUND_B28_PEST_Brassica_DeliaRadicum_MaggotPupaLifeStages_Rasbak_CC-BY-SA-GFDL.jpg","B30_053__LSE_FOUND_B28_PEST_Brassica_DeliaRadicum_MaggotPupaLifeStages_Rasbak_CC-BY-SA-GFDL.jpg","155729","keep","already jpeg"
"C:\Users\dstor\lse-repo\assets\B30_054__LSE_FOUND_B28_PEST_SquashVineBorer_FrassAtStem_Pollinator_CC-BY-2.5_CONDITIONAL.jpg","B30_054__LSE_FOUND_B28_PEST_SquashVineBorer_FrassAtStem_Pollinator_CC-BY-2.5_CONDITIONAL.jpg","135500","keep","small"
"C:\Users\dstor\lse-repo\assets\B30_055__LSE_FOUND_B28_PEST_SquashVineBorer_LarvaeSplitStemFrass_Pollinator_CC-BY-2.5_CONDITIONAL.jpg","B30_055__LSE_FOUND_B28_PEST_SquashVineBorer_LarvaeSplitStemFrass_Pollinator_CC-BY-2.5_CONDITIONAL.jpg","125124","keep","small"
"C:\Users\dstor\lse-repo\assets\B30_056__LSE_FOUND_B28_ABIOTIC_FertilizerBurn_LeafScorchPattern_CannabisCropMismatch_Fenrisulfir_CC-BY-SA-GFDL.jpg","B30_056__LSE_FOUND_B28_ABIOTIC_FertilizerBurn_LeafScorchPattern_CannabisCropMismatch_Fenrisulfir_CC-BY-SA-GFDL.jpg","442054","keep","already jpeg"
"C:\Users\dstor\lse-repo\assets\B30_067__LSE_FOUND_B29_ABIOTIC_ContainerHerbs_SaltBuildup_WhiteSaltCrust_DianeMays_CC-BY-2.0.jpg","B30_067__LSE_FOUND_B29_ABIOTIC_ContainerHerbs_SaltBuildup_WhiteSaltCrust_DianeMays_CC-BY-2.0.jpg","28034","keep","small"
"C:\Users\dstor\lse-repo\assets\B30_068__LSE_FOUND_B29_PRACTICAL_ContainerVegetables_ReservoirSpace_WateringDepth_KathleenMoore_CC-BY-2.0.jpg","B30_068__LSE_FOUND_B29_PRACTICAL_ContainerVegetables_ReservoirSpace_WateringDepth_KathleenMoore_CC-BY-2.0.jpg","42388","keep","small"
"C:\Users\dstor\lse-repo\assets\B30_069__LSE_FOUND_B29_PRACTICAL_SmallSpaceVegetables_OutdoorRailingContainers_LucyBradley_CC-BY-2.0.jpg","B30_069__LSE_FOUND_B29_PRACTICAL_SmallSpaceVegetables_OutdoorRailingContainers_LucyBradley_CC-BY-2.0.jpg","56046","keep","small"
"C:\Users\dstor\lse-repo\assets\B30_070__LSE_FOUND_B29_ABIOTIC_Tomato_HerbicideResidue_CuppedNewGrowth_VCE_PublicUse.jpg","B30_070__LSE_FOUND_B29_ABIOTIC_Tomato_HerbicideResidue_CuppedNewGrowth_VCE_PublicUse.jpg","104647","keep","small"
"C:\Users\dstor\lse-repo\assets\B30_071__LSE_FOUND_B29_ABIOTIC_Bean_HerbicideInjury_EpinastySwollenStems_VCE_PublicUse.jpg","B30_071__LSE_FOUND_B29_ABIOTIC_Bean_HerbicideInjury_EpinastySwollenStems_VCE_PublicUse.jpg","107673","keep","small"
"C:\Users\dstor\lse-repo\assets\B30_072__LSE_FOUND_B29_ABIOTIC_Squash_HerbicideResidue_FieldEpinastyTwisting_VCE_PublicUse.jpg","B30_072__LSE_FOUND_B29_ABIOTIC_Squash_HerbicideResidue_FieldEpinastyTwisting_VCE_PublicUse.jpg","124628","keep","small"
"C:\Users\dstor\lse-repo\assets\B30_073__LSE_FOUND_B29_PRACTICAL_RowCover_LowTunnel_FabricOverHoops_KathleenMoore_CC-BY-2.0.jpg","B30_073__LSE_FOUND_B29_PRACTICAL_RowCover_LowTunnel_FabricOverHoops_KathleenMoore_CC-BY-2.0.jpg","60942","keep","small"
"C:\Users\dstor\lse-repo\assets\B30_074__LSE_FOUND_B29_PRACTICAL_HighTunnel_Vegetables_RollUpVentilation_KathleenMoore_CC-BY-2.0.jpg","B30_074__LSE_FOUND_B29_PRACTICAL_HighTunnel_Vegetables_RollUpVentilation_KathleenMoore_CC-BY-2.0.jpg","63539","keep","small"
"C:\Users\dstor\lse-repo\assets\B30_075__LSE_FOUND_B29_PRACTICAL_HerbsLettuce_ColdFrame_OpenLid_ChrisAlberti_CC-BY-2.0.jpg","B30_075__LSE_FOUND_B29_PRACTICAL_HerbsLettuce_ColdFrame_OpenLid_ChrisAlberti_CC-BY-2.0.jpg","40324","keep","small"
"C:\Users\dstor\lse-repo\assets\B30_076__LSE_FOUND_B29_ROOTS_ContainerRootbound_GirdledRoots_BrendanLandis_CC-BY-SA-2.0.jpg","B30_076__LSE_FOUND_B29_ROOTS_ContainerRootbound_GirdledRoots_BrendanLandis_CC-BY-SA-2.0.jpg","58785","keep","small"
"C:\Users\dstor\lse-repo\assets\B30_077__LSE_FOUND_B29_HOLD_ABIOTIC_Squash_PesticideBurn_Phytotoxicity_UMD_VERIFY.jpg","B30_077__LSE_FOUND_B29_HOLD_ABIOTIC_Squash_PesticideBurn_Phytotoxicity_UMD_VERIFY.jpg","81843","keep","small"
"C:\Users\dstor\lse-repo\assets\B30_078__LSE_FOUND_B29_HOLD_ABIOTIC_Bean_PesticideBurn_ScorchedLeaves_UMD_VERIFY.png","B30_078__LSE_FOUND_B29_HOLD_ABIOTIC_Bean_PesticideBurn_ScorchedLeaves_UMD_VERIFY.png","1574933","jpeg","illustration"
"C:\Users\dstor\lse-repo\assets\B30_079__LSE_FOUND_B29_HOLD_PEST_Okra_StinkBugDamage_TwistedPods_Clemson_PERMISSION.jpg","B30_079__LSE_FOUND_B29_HOLD_PEST_Okra_StinkBugDamage_TwistedPods_Clemson_PERMISSION.jpg","12587","keep","small"
"C:\Users\dstor\lse-repo\assets\B30_080__LSE_FOUND_B29_HOLD_ROOTS_Basil_RhizoctoniaRootRot_DarkRoots_MSU_PERMISSION.jpg","B30_080__LSE_FOUND_B29_HOLD_ROOTS_Basil_RhizoctoniaRootRot_DarkRoots_MSU_PERMISSION.jpg","18732","keep","small"
"C:\Users\dstor\lse-repo\assets\B30_081__LSE_FOUND_B29_HOLD_ROOTS_Strawberry_BlackRootRot_HealthyVsDiseased_NCSU_PERMISSION.jpg","B30_081__LSE_FOUND_B29_HOLD_ROOTS_Strawberry_BlackRootRot_HealthyVsDiseased_NCSU_PERMISSION.jpg","64141","keep","small"
"C:\Users\dstor\lse-repo\assets\B30_082__LSE_FOUND_B29_HOLD_DISEASE_Tomato_BacterialWilt_StreamingTest_UAEX_PERMISSION.jpg","B30_082__LSE_FOUND_B29_HOLD_DISEASE_Tomato_BacterialWilt_StreamingTest_UAEX_PERMISSION.jpg","90289","keep","small"
"C:\Users\dstor\lse-repo\assets\lse_figures\LSE_A02_Soil_Food_Web_Functional_Map_Ch02.png","LSE_A02_Soil_Food_Web_Functional_Map_Ch02.png","3283289","png256","text/line art"
"C:\Users\dstor\lse-repo\assets\lse_figures\LSE_A04_Mycorrhizal_Exchange_Defense_Priming_Ch06.png","LSE_A04_Mycorrhizal_Exchange_Defense_Priming_Ch06.png","2704193","jpeg","illustration"
"C:\Users\dstor\lse-repo\assets\lse_figures\LSE_A05_Regenerative_Permaculture_Garden_System_Ch08.png","LSE_A05_Regenerative_Permaculture_Garden_System_Ch08.png","3587430","jpeg","illustration"
"C:\Users\dstor\lse-repo\assets\lse_figures\LSE_A06_Compost_Microscope_Soil_Food_Web_Workflow_Ch09.png","LSE_A06_Compost_Microscope_Soil_Food_Web_Workflow_Ch09.png","2530889","png256","text/line art"
"C:\Users\dstor\lse-repo\assets\lse_figures\LSE_A09_Compost_Maturity_Contamination_Inspection_Ch13.png","LSE_A09_Compost_Maturity_Contamination_Inspection_Ch13.png","2616755","jpeg","illustration"
"C:\Users\dstor\lse-repo\assets\lse_figures\LSE_A10_Brews_Teas_Ferments_Safety_Station_Ch19.png","LSE_A10_Brews_Teas_Ferments_Safety_Station_Ch19.png","2571473","jpeg","illustration"
"C:\Users\dstor\lse-repo\assets\lse_figures\LSE_A12_Living_Soil_Container_Cross_Section_Ch22.png","LSE_A12_Living_Soil_Container_Cross_Section_Ch22.png","2468317","jpeg","illustration"
"C:\Users\dstor\lse-repo\assets\lse_figures\LSE_A13_Cover_Crop_Function_Root_Architecture_Plate_Ch25.png","LSE_A13_Cover_Crop_Function_Root_Architecture_Plate_Ch25.png","2857119","jpeg","illustration"
"C:\Users\dstor\lse-repo\assets\lse_figures\LSE_A14_Insectary_Pollinator_Guild_Ch28.png","LSE_A14_Insectary_Pollinator_Guild_Ch28.png","3060816","jpeg","illustration"
"C:\Users\dstor\lse-repo\assets\lse_figures\LSE_A15_Crop_Family_Rotation_Map_Ch29.png","LSE_A15_Crop_Family_Rotation_Map_Ch29.png","2720441","png256","text/line art"
"C:\Users\dstor\lse-repo\assets\lse_figures\LSE_A17_Hoop_House_Season_Extension_Setup_Ch36.png","LSE_A17_Hoop_House_Season_Extension_Setup_Ch36.png","3157944","jpeg","illustration"
"C:\Users\dstor\lse-repo\assets\lse_figures\LSE_A18_IPM_Pyramid_Scouting_Ch39.png","LSE_A18_IPM_Pyramid_Scouting_Ch39.png","2540917","jpeg","illustration"
"C:\Users\dstor\lse-repo\assets\lse_figures\LSE_A20_Soil_Microscopy_Workflow_Ch44.png","LSE_A20_Soil_Microscopy_Workflow_Ch44.png","2288526","png256","text/line art"
"C:\Users\dstor\lse-repo\assets\lse_figures\LSE_B02_Predator_Driven_Nitrogen_Mineralization_Loop_Ch05.png","LSE_B02_Predator_Driven_Nitrogen_Mineralization_Loop_Ch05.png","2508766","jpeg","illustration"
"C:\Users\dstor\lse-repo\assets\lse_figures\LSE_B03_Nematode_Mouthpart_Comparison_Ch05_44.png","LSE_B03_Nematode_Mouthpart_Comparison_Ch05_44.png","2593693","png256","text/line art"
"C:\Users\dstor\lse-repo\assets\lse_figures\LSE_B05_Mycorrhizal_Inoculation_Failure_Modes_Ch06_17.png","LSE_B05_Mycorrhizal_Inoculation_Failure_Modes_Ch06_17.png","2605193","jpeg","illustration"
"C:\Users\dstor\lse-repo\assets\lse_figures\LSE_B06_Fungal_Bacterial_Succession_Strip_Ch07.png","LSE_B06_Fungal_Bacterial_Succession_Strip_Ch07.png","2994281","jpeg","illustration"
"C:\Users\dstor\lse-repo\assets\lse_figures\LSE_B07_Five_Soil_Health_Principles_Wheel_Ch08.png","LSE_B07_Five_Soil_Health_Principles_Wheel_Ch08.png","3019738","jpeg","illustration"
"C:\Users\dstor\lse-repo\assets\lse_figures\LSE_B08_Thermal_Compost_Process_Ch09_Ch13.png","LSE_B08_Thermal_Compost_Process_Ch09_Ch13.png","2454515","jpeg","illustration"
"C:\Users\dstor\lse-repo\assets\lse_figures\LSE_B09_Compost_Extract_vs_AACT_Ch09_19.png","LSE_B09_Compost_Extract_vs_AACT_Ch09_19.png","1950853","jpeg","illustration"
"C:\Users\dstor\lse-repo\assets\lse_figures\LSE_B10_Coots_Mix_1_1_1_Triangle_Ch10_23.png","LSE_B10_Coots_Mix_1_1_1_Triangle_Ch10_23.png","2591892","jpeg","illustration"
"C:\Users\dstor\lse-repo\assets\lse_figures\LSE_B11_Plant_Health_Pyramid_Evidence_Boundary_Ch11_Ch41.png","LSE_B11_Plant_Health_Pyramid_Evidence_Boundary_Ch11_Ch41.png","2846799","jpeg","illustration"
"C:\Users\dstor\lse-repo\assets\lse_figures\LSE_B12_KNF_IMO_1_4_Workflow_Ch12_Ch19.png","LSE_B12_KNF_IMO_1_4_Workflow_Ch12_Ch19.png","2498872","png256","text/line art"
"C:\Users\dstor\lse-repo\assets\lse_figures\LSE_B13_JADAM_Safety_Plate_Ch12_19_41.png","LSE_B13_JADAM_Safety_Plate_Ch12_19_41.png","2208574","jpeg","illustration"
"C:\Users\dstor\lse-repo\assets\lse_figures\LSE_B15_Lime_Gypsum_Sulfur_Decision_Tree_Ch14.png","LSE_B15_Lime_Gypsum_Sulfur_Decision_Tree_Ch14.png","1797955","png256","text/line art"
"C:\Users\dstor\lse-repo\assets\lse_figures\LSE_B16_Trace_Element_Deficiency_vs_Toxicity_Ch14.png","LSE_B16_Trace_Element_Deficiency_vs_Toxicity_Ch14.png","2453667","jpeg","illustration"
"C:\Users\dstor\lse-repo\assets\lse_figures\LSE_B17_Microbial_Inoculant_Viability_Root_Contact_Ch17.png","LSE_B17_Microbial_Inoculant_Viability_Root_Contact_Ch17.png","2368707","jpeg","illustration"
"C:\Users\dstor\lse-repo\assets\lse_figures\LSE_B18_Raw_vs_Charged_Biochar_Ch18.png","LSE_B18_Raw_vs_Charged_Biochar_Ch18.png","2693483","jpeg","illustration"
"C:\Users\dstor\lse-repo\assets\lse_figures\LSE_B21_Soil_Recipe_Matrix_By_Crop_Type_Ch23.png","LSE_B21_Soil_Recipe_Matrix_By_Crop_Type_Ch23.png","1914093","png256","text/line art"
"C:\Users\dstor\lse-repo\assets\lse_figures\LSE_B22_Top_Dress_Layer_Cake_Ch24.png","LSE_B22_Top_Dress_Layer_Cake_Ch24.png","2701647","jpeg","illustration"
"C:\Users\dstor\lse-repo\assets\lse_figures\LSE_B23_Cover_Crop_Selector_North_Texas_Ch25.png","LSE_B23_Cover_Crop_Selector_North_Texas_Ch25.png","2236218","png256","text/line art"
"C:\Users\dstor\lse-repo\assets\lse_figures\LSE_B24_Companion_Planting_Mechanism_vs_Folklore_Ch26.png","LSE_B24_Companion_Planting_Mechanism_vs_Folklore_Ch26.png","2647561","jpeg","illustration"
"C:\Users\dstor\lse-repo\assets\lse_figures\LSE_B25_Seven_Layer_Guild_Design_Texas_Peach_Ch27.png","LSE_B25_Seven_Layer_Guild_Design_Texas_Peach_Ch27.png","2747902","jpeg","illustration"
"C:\Users\dstor\lse-repo\assets\lse_figures\LSE_B26_Flower_Architecture_For_Beneficial_Insects_Ch28_40.png","LSE_B26_Flower_Architecture_For_Beneficial_Insects_Ch28_40.png","2463732","jpeg","illustration"
"C:\Users\dstor\lse-repo\assets\lse_figures\LSE_B28_North_Texas_Bed_Pivot_Calendar_Ch25_Ch29_Ch30.png","LSE_B28_North_Texas_Bed_Pivot_Calendar_Ch25_Ch29_Ch30.png","2944738","png256","text/line art"
"C:\Users\dstor\lse-repo\assets\lse_figures\LSE_B29_Herb_Grouping_Matrix_Ch31.png","LSE_B29_Herb_Grouping_Matrix_Ch31.png","1825974","png256","text/line art"
"C:\Users\dstor\lse-repo\assets\lse_figures\LSE_B30_Irrigation_Systems_Compared_Ch34.png","LSE_B30_Irrigation_Systems_Compared_Ch34.png","2536034","jpeg","illustration"
"C:\Users\dstor\lse-repo\assets\lse_figures\LSE_B32_Tool_Sanitation_Workflow_Ch38_49.png","LSE_B32_Tool_Sanitation_Workflow_Ch38_49.png","2305201","png256","text/line art"
"C:\Users\dstor\lse-repo\assets\lse_figures\LSE_B33_Beneficial_Insect_Lifecycle_Plate_Ch40.png","LSE_B33_Beneficial_Insect_Lifecycle_Plate_Ch40.png","2783553","jpeg","illustration"
"C:\Users\dstor\lse-repo\assets\lse_figures\LSE_B36_Yellowing_Leaves_Decision_Tree_AppB.png","LSE_B36_Yellowing_Leaves_Decision_Tree_AppB.png","2946770","png256","text/line art"
"C:\Users\dstor\lse-repo\assets\lse_figures\LSE_C01_Annual_Soil_Building_Calendar_Ch49_AppC.png","LSE_C01_Annual_Soil_Building_Calendar_Ch49_AppC.png","2303493","png256","text/line art"
"C:\Users\dstor\lse-repo\assets\lse_figures\LSE_C02_Seed_Starting_Hardening_Off_Workflow_Ch49.png","LSE_C02_Seed_Starting_Hardening_Off_Workflow_Ch49.png","2316763","png256","text/line art"
"C:\Users\dstor\lse-repo\assets\lse_figures\LSE_C03_Daily_Weekly_Scouting_Route_Ch39_Ch49.png","LSE_C03_Daily_Weekly_Scouting_Route_Ch39_Ch49.png","3336988","jpeg","illustration"
"C:\Users\dstor\lse-repo\assets\lse_figures\LSE_C05_Irrigation_Maintenance_Checklist_Ch34_35_49.png","LSE_C05_Irrigation_Maintenance_Checklist_Ch34_35_49.png","2016748","png256","text/line art"
"C:\Users\dstor\lse-repo\assets\lse_figures\LSE_C06_AACT_Brewing_Safety_Workflow_Ch19_Ch49.png","LSE_C06_AACT_Brewing_Safety_Workflow_Ch19_Ch49.png","2518930","png256","text/line art"
"C:\Users\dstor\lse-repo\assets\lse_figures\LSE_C07_Harvest_Postharvest_Handling_Workflow_Ch49.png","LSE_C07_Harvest_Postharvest_Handling_Workflow_Ch49.png","2316622","png256","text/line art"
"C:\Users\dstor\lse-repo\assets\lse_figures\LSE_C08_Crop_Planning_Succession_Board_Ch29_49.png","LSE_C08_Crop_Planning_Succession_Board_Ch29_49.png","2482462","jpeg","illustration"
"C:\Users\dstor\lse-repo\assets\lse_figures\LSE_C10_Refractometer_Protocol_Card_Ch47.png","LSE_C10_Refractometer_Protocol_Card_Ch47.png","1929009","png256","text/line art"
"C:\Users\dstor\lse-repo\assets\lse_figures\LSE_C12_Soil_Test_Report_Decoder_Ch45.png","LSE_C12_Soil_Test_Report_Decoder_Ch45.png","2168102","png256","text/line art"
"C:\Users\dstor\lse-repo\assets\lse_figures\LSE_C13_Mobile_vs_Immobile_Nutrient_Symptom_Map_Ch46.png","LSE_C13_Mobile_vs_Immobile_Nutrient_Symptom_Map_Ch46.png","2618491","png256","text/line art"
"C:\Users\dstor\lse-repo\assets\lse_figures\LSE_C14_Electroculture_Self_Experiment_Layout_Ch48.png","LSE_C14_Electroculture_Self_Experiment_Layout_Ch48.png","2272388","jpeg","illustration"
"C:\Users\dstor\lse-repo\assets\lse_figures\LSE_C16_Herb_Barrel_Setup_Sequence_Ch31.png","LSE_C16_Herb_Barrel_Setup_Sequence_Ch31.png","2409497","jpeg","illustration"
"C:\Users\dstor\lse-repo\assets\lse_figures\LSE_C17_Basil_Pruning_Downy_Mildew_Scouting_Ch31_42.png","LSE_C17_Basil_Pruning_Downy_Mildew_Scouting_Ch31_42.png","1989824","jpeg","illustration"
"C:\Users\dstor\lse-repo\assets\lse_figures\LSE_C18_Cilantro_Dill_Cool_Season_Succession_Ch31.png","LSE_C18_Cilantro_Dill_Cool_Season_Succession_Ch31.png","2112927","jpeg","illustration"
"C:\Users\dstor\lse-repo\assets\lse_figures\LSE_C19_Woody_Herb_Harvest_Limits_Ch31.png","LSE_C19_Woody_Herb_Harvest_Limits_Ch31.png","2395674","jpeg","illustration"
"C:\Users\dstor\lse-repo\assets\lse_figures\LSE_C20_Cover_Crop_Termination_Methods_Small_Beds_Ch25.png","LSE_C20_Cover_Crop_Termination_Methods_Small_Beds_Ch25.png","2995356","jpeg","illustration"
"C:\Users\dstor\lse-repo\assets\lse_figures\LSE_D01_Wilt_Triage_Decision_Tree_Ch42.png","LSE_D01_Wilt_Triage_Decision_Tree_Ch42.png","2099256","png256","text/line art"
"C:\Users\dstor\lse-repo\assets\lse_figures\LSE_D02_Southern_Blight_vs_White_Mold_Ch42.png","LSE_D02_Southern_Blight_vs_White_Mold_Ch42.png","2362845","jpeg","illustration"
"C:\Users\dstor\lse-repo\assets\lse_figures\LSE_D03_Damping_Off_Lookalike_Plate_Ch42_49.png","LSE_D03_Damping_Off_Lookalike_Plate_Ch42_49.png","2070884","jpeg","illustration"
"C:\Users\dstor\lse-repo\assets\lse_figures\LSE_D04_Root_Knot_Nematode_Diagnosis_Workflow_Ch05_Ch29_Ch42_Ch44.png","LSE_D04_Root_Knot_Nematode_Diagnosis_Workflow_Ch05_Ch29_Ch42_Ch44.png","2459001","png256","text/line art"
"C:\Users\dstor\lse-repo\assets\lse_figures\LSE_D05_Herbicide_Drift_Growth_Regulator_Lookalike_Plate_Ch42.png","LSE_D05_Herbicide_Drift_Growth_Regulator_Lookalike_Plate_Ch42.png","2642675","jpeg","illustration"
"C:\Users\dstor\lse-repo\assets\lse_figures\LSE_D13_Squash_Vine_Borer_Scouting_Plate_Ch30_39.png","LSE_D13_Squash_Vine_Borer_Scouting_Plate_Ch30_39.png","2425681","jpeg","illustration"
"C:\Users\dstor\lse-repo\assets\lse_figures\LSE_D14_Cucumber_Beetle_Bacterial_Wilt_Vector_Diagram_Ch30_Ch39_Ch42.png","LSE_D14_Cucumber_Beetle_Bacterial_Wilt_Vector_Diagram_Ch30_Ch39_Ch42.png","2477413","jpeg","illustration"
"C:\Users\dstor\lse-repo\assets\lse_figures\LSE_D15_Tomato_Leaf_Spot_Lookalikes_Ch42.png","LSE_D15_Tomato_Leaf_Spot_Lookalikes_Ch42.png","2213104","jpeg","illustration"
"C:\Users\dstor\lse-repo\assets\lse_figures\LSE_D16_Pepper_Abiotic_Disorders_Herbicide_Lookalikes_Ch42.png","LSE_D16_Pepper_Abiotic_Disorders_Herbicide_Lookalikes_Ch42.png","2490206","jpeg","illustration"
"C:\Users\dstor\lse-repo\assets\lse_figures\LSE_D17_Okra_Pod_Injury_Hidden_Pest_Damage_Ch30.png","LSE_D17_Okra_Pod_Injury_Hidden_Pest_Damage_Ch30.png","2173425","jpeg","illustration"
"C:\Users\dstor\lse-repo\assets\lse_figures\LSE_D18_Root_Inspection_Nodules_Galls_Root_Disease_Ch05_Ch29_Ch44.png","LSE_D18_Root_Inspection_Nodules_Galls_Root_Disease_Ch05_Ch29_Ch44.png","2271551","jpeg","illustration"
"C:\Users\dstor\lse-repo\assets\lse_figures\LSE_D19_Powdery_Mildew_vs_Downy_Mildew_Ch42.png","LSE_D19_Powdery_Mildew_vs_Downy_Mildew_Ch42.png","2536961","jpeg","illustration"
"C:\Users\dstor\lse-repo\assets\lse_figures\LSE_D20_Basil_Downy_Mildew_vs_Nutrient_Yellowing_Ch31_42.png","LSE_D20_Basil_Downy_Mildew_vs_Nutrient_Yellowing_Ch31_42.png","2190136","jpeg","illustration"
"C:\Users\dstor\lse-repo\assets\lse_figures\LSE_E01_North_Texas_Soil_Failure_Modes_Ch20_Ch21_Ch33.png","LSE_E01_North_Texas_Soil_Failure_Modes_Ch20_Ch21_Ch33.png","2802092","jpeg","illustration"
"C:\Users\dstor\lse-repo\assets\lse_figures\LSE_E03_Row_Cover_Low_Tunnel_Timing_Plate_Ch30_36_39.png","LSE_E03_Row_Cover_Low_Tunnel_Timing_Plate_Ch30_36_39.png","2477838","jpeg","illustration"
"C:\Users\dstor\lse-repo\assets\lse_figures\LSE_E05_Barrel_Herb_Garden_Cross_Section_Ch31.png","LSE_E05_Barrel_Herb_Garden_Cross_Section_Ch31.png","2203907","jpeg","illustration"
"C:\Users\dstor\lse-repo\assets\lse_figures\LSE_E06_Container_Drainage_Myth_Rocks_At_The_Bottom_Ch22_Ch31.png","LSE_E06_Container_Drainage_Myth_Rocks_At_The_Bottom_Ch22_Ch31.png","2139829","jpeg","illustration"
"C:\Users\dstor\lse-repo\assets\lse_figures\LSE_E07_Living_Mulch_Insectary_Strip_Boundary_Ch28.png","LSE_E07_Living_Mulch_Insectary_Strip_Boundary_Ch28.png","2875754","jpeg","illustration"
"C:\Users\dstor\lse-repo\assets\lse_figures\LSE_E09_Cover_Crop_Failure_Modes_Small_Beds_Ch25.png","LSE_E09_Cover_Crop_Failure_Modes_Small_Beds_Ch25.png","2530861","jpeg","illustration"
"C:\Users\dstor\lse-repo\assets\lse_figures\LSE_E10_Pollinator_Safe_Spray_Timing_Ch28_39_41.png","LSE_E10_Pollinator_Safe_Spray_Timing_Ch28_39_41.png","2071784","jpeg","illustration"
"C:\Users\dstor\lse-repo\assets\lse_figures\LSE_E11_North_Texas_Insectary_Bloom_Succession_Calendar_Ch28_40.png","LSE_E11_North_Texas_Insectary_Bloom_Succession_Calendar_Ch28_40.png","2207633","png256","text/line art"
"C:\Users\dstor\lse-repo\assets\lse_figures\LSE_E12_Trap_Crop_Decision_Nasturtium_Aphids_Ch26_Ch28_Ch39.png","LSE_E12_Trap_Crop_Decision_Nasturtium_Aphids_Ch26_Ch28_Ch39.png","2354827","jpeg","illustration"
"C:\Users\dstor\lse-repo\assets\lse_figures\LSE_E14_Hoop_House_Spring_Rain_vs_Summer_Heat_Ch36.png","LSE_E14_Hoop_House_Spring_Rain_vs_Summer_Heat_Ch36.png","2512743","jpeg","illustration"
"C:\Users\dstor\lse-repo\assets\lse_figures\LSE_E16_Light_Metrics_PPFD_DLI_Concept_Ch37.png","LSE_E16_Light_Metrics_PPFD_DLI_Concept_Ch37.png","2013027","jpeg","illustration"
"C:\Users\dstor\lse-repo\assets\user_created_web\UCI_002_Bacterial_vs_Fungal_Soil_Dominance.png","UCI_002_Bacterial_vs_Fungal_Soil_Dominance.png","2801763","jpeg","illustration"
"C:\Users\dstor\lse-repo\assets\user_created_web\UCI_003_The_Nutrient_Mineralization_Loop.png","UCI_003_The_Nutrient_Mineralization_Loop.png","2845085","jpeg","illustration"
"C:\Users\dstor\lse-repo\assets\user_created_web\UCI_004_Soil_Nutrient_Availability.png","UCI_004_Soil_Nutrient_Availability.png","2632986","jpeg","illustration"
"C:\Users\dstor\lse-repo\assets\user_created_web\UCI_005_ISR_and_SAR_The_Plant_Immune_System.png","UCI_005_ISR_and_SAR_The_Plant_Immune_System.png","2645963","jpeg","illustration"
"C:\Users\dstor\lse-repo\assets\user_created_web\UCI_006_Permaculture_Zone_Map.png","UCI_006_Permaculture_Zone_Map.png","2700810","png256","text/line art"
"C:\Users\dstor\lse-repo\assets\user_created_web\UCI_007_Composite_Method_Reference.png","UCI_007_Composite_Method_Reference.png","2420627","png256","text/line art"
"C:\Users\dstor\lse-repo\assets\user_created_web\UCI_008_Soil_Input_Categories_Overview.png","UCI_008_Soil_Input_Categories_Overview.png","1952058","jpeg","illustration"
"C:\Users\dstor\lse-repo\assets\user_created_web\UCI_009_Fungal_Bacterial_Input_Guide.png","UCI_009_Fungal_Bacterial_Input_Guide.png","1939466","png256","text/line art"
"C:\Users\dstor\lse-repo\assets\user_created_web\UCI_010_Biochar_Charging_Process.png","UCI_010_Biochar_Charging_Process.png","2348609","jpeg","illustration"
"C:\Users\dstor\lse-repo\assets\user_created_web\UCI_011_AACT_Brewing_Setup.png","UCI_011_AACT_Brewing_Setup.png","2186425","jpeg","illustration"
"C:\Users\dstor\lse-repo\assets\user_created_web\UCI_012_Raised_Bed_Cross_Section_Layers_and_Fill_Strategy.png","UCI_012_Raised_Bed_Cross_Section_Layers_and_Fill_Strategy.png","2762674","jpeg","illustration"
"C:\Users\dstor\lse-repo\assets\user_created_web\UCI_013_Beneficial_Insectary_Bloom_Calendar.png","UCI_013_Beneficial_Insectary_Bloom_Calendar.png","1779867","png256","text/line art"
"C:\Users\dstor\lse-repo\assets\user_created_web\UCI_014_No_Till_Top_Dressing_Cycle.png","UCI_014_No_Till_Top_Dressing_Cycle.png","2315348","jpeg","illustration"
"C:\Users\dstor\lse-repo\assets\user_created_web\UCI_015_Three_Sisters_Guild.png","UCI_015_Three_Sisters_Guild.png","2443986","jpeg","illustration"
"C:\Users\dstor\lse-repo\assets\user_created_web\UCI_016_Polyculture_Guild_Design.png","UCI_016_Polyculture_Guild_Design.png","2694875","jpeg","illustration"
"C:\Users\dstor\lse-repo\assets\user_created_web\UCI_017_North_Texas_Crop_Calendar.png","UCI_017_North_Texas_Crop_Calendar.png","2051212","png256","text/line art"
"C:\Users\dstor\lse-repo\assets\user_created_web\UCI_018_Comparing_Irrigation_Systems_for_Home_Gardens.png","UCI_018_Comparing_Irrigation_Systems_for_Home_Gardens.png","2288822","jpeg","illustration"
"C:\Users\dstor\lse-repo\assets\user_created_web\UCI_020_Common_Dallas_Pest_Identification_Guide.png","UCI_020_Common_Dallas_Pest_Identification_Guide.png","2875788","png256","text/line art"
"C:\Users\dstor\lse-repo\assets\user_created_web\UCI_021_Refractometer_Use_Protocol.png","UCI_021_Refractometer_Use_Protocol.png","2386363","png256","text/line art"
"C:\Users\dstor\lse-repo\assets\user_created_web\UCI_022_Irrigation_Systems_Comparison.png","UCI_022_Irrigation_Systems_Comparison.png","2431718","png256","text/line art"
"C:\Users\dstor\lse-repo\assets\user_created_web\UCI_023_Soil_Test_Results_How_to_Read_Them.png","UCI_023_Soil_Test_Results_How_to_Read_Them.png","1698201","jpeg","illustration"
"C:\Users\dstor\lse-repo\assets\user_created_web\UCI_024_Rainwater_Harvesting_System_Home_Scale.png","UCI_024_Rainwater_Harvesting_System_Home_Scale.png","2572926","jpeg","illustration"
"C:\Users\dstor\lse-repo\assets\user_created_web\UCI_025_Brix_Monitoring_Chart.png","UCI_025_Brix_Monitoring_Chart.png","1961350","png256","text/line art"
"C:\Users\dstor\lse-repo\assets\user_created_web\UCI_026_Electroculture_Experimental_Protocol_Layout.png","UCI_026_Electroculture_Experimental_Protocol_Layout.png","2377591","png256","text/line art"
"C:\Users\dstor\lse-repo\assets\user_created_web\UCI_027_Plant_Electrophysiology_Electrical_Signaling_Pathways.png","UCI_027_Plant_Electrophysiology_Electrical_Signaling_Pathways.png","2739880","jpeg","illustration"
"C:\Users\dstor\lse-repo\assets\user_created_web\UCI_028_Seasonal_Planting_Calendar.png","UCI_028_Seasonal_Planting_Calendar.png","2007012","png256","text/line art"
"C:\Users\dstor\lse-repo\assets\user_created_web\UCI_029_Troubleshooting_Decision_Tree_Yellowing_Leaves.png","UCI_029_Troubleshooting_Decision_Tree_Yellowing_Leaves.png","1624359","png256","text/line art"
"C:\Users\dstor\lse-repo\assets\user_created_web\UCI_030_Conversion_and_Dilution_Reference_Chart.png","UCI_030_Conversion_and_Dilution_Reference_Chart.png","2091793","png256","text/line art"
"C:\Users\dstor\lse-repo\assets\user_created_web\UCI_031_Home_Brew_Feed_Quick_Reference_Card.png","UCI_031_Home_Brew_Feed_Quick_Reference_Card.png","2223169","png256","text/line art"
