"path","location","filename","bytes","width","height","mtime","sha256","dhash","dup_group","near_group","has_exif","exif_source"
"C:\Users\dstor\lse-repo\.build\image_compare\LSE_A02_Soil_Food_Web_Functional_Map_Ch02\0_original.png","repo","0_original.png","3283289","1024","1536","2026-05-31T21:25:45Z","758C2B5F5D095D8A9CA7F4103701985D0862DCF5C533F6199E1332F88712046E","1001110010010100110011010110110010110101000111101110101001010101","","N1","no",""
"C:\Users\dstor\lse-repo\.build\image_compare\LSE_A02_Soil_Food_Web_Functional_Map_Ch02\1_png256.png","repo","1_png256.png","903185","1024","1536","2026-09-19T21:16:36Z","5C159CF679C3F8A94A4EE05029D831760CB69A045A02837442B99D900BDF3BF4","1001110010010100110011010110110010110101000111101110110001010101","D3","N1","no",""
"C:\Users\dstor\lse-repo\.build\image_compare\LSE_A02_Soil_Food_Web_Functional_Map_Ch02\2_jpeg85.jpg","repo","2_jpeg85.jpg","574824","1024","1536","2026-09-19T21:16:36Z","D5FD91995C06C5107901E27FC758CFBE172D85EDAD7826BD2AA42A0FD4F96BE1","1011110010010100110011000110110010010101000101100110100001000101","","N1","no",""
"C:\Users\dstor\lse-repo\.build\image_compare\LSE_A02_Soil_Food_Web_Functional_Map_Ch02\2_jpeg92.jpg","repo","2_jpeg92.jpg","777457","1024","1536","2026-09-19T21:16:36Z","5B3A3258C297D7B50A9F5E683ED00ABE6A9FD443B1D622F2BEC2E8036FAD729F","1011110010010100110011000110110010010101000101100110100001000101","","N1","no",""
"C:\Users\dstor\lse-repo\.build\image_compare\LSE_A05_Regenerative_Permaculture_Garden_System_Ch08\0_original.png","repo","0_original.png","3587430","1024","1536","2026-05-31T21:28:24Z","C9805FC29B23E4BFFCDF47D6A0482A4301ABAF6AA218159547784D552955244B","1100011111011001101001100101101001010100101010010101011010000100","","N2","no",""
"C:\Users\dstor\lse-repo\.build\image_compare\LSE_A05_Regenerative_Permaculture_Garden_System_Ch08\1_png256.png","repo","1_png256.png","1081441","1024","1536","2026-09-19T21:16:36Z","5A2DBC284A83727A63AF203161CDCB7135E91136E71A5721E1DD4EE8CB8B33C8","1100011111011001101001100111101001010100101010010101011010000100","","N2","no",""
"C:\Users\dstor\lse-repo\.build\image_compare\LSE_A05_Regenerative_Permaculture_Garden_System_Ch08\2_jpeg85.jpg","repo","2_jpeg85.jpg","630746","1024","1536","2026-09-19T21:16:36Z","FA2F5784BA6F922B89B36BDDCC8404F273EB05F137B673DC8F8F102636535A14","1100011111011001100001100101101001010100101010010101011000000100","","N2","no",""
"C:\Users\dstor\lse-repo\.build\image_compare\LSE_A05_Regenerative_Permaculture_Garden_System_Ch08\2_jpeg92.jpg","repo","2_jpeg92.jpg","833696","1024","1536","2026-09-19T21:16:36Z","B7288B614B75B61581E4E8E4D1018BF748FBC396D68A6F0B2700FFB78CAA8B53","1100011111011001100001100101101001010100101010010101011000000000","D5","N2","no",""
"C:\Users\dstor\lse-repo\.build\image_compare\LSE_B28_North_Texas_Bed_Pivot_Calendar_Ch25_Ch29_Ch30\0_original.png","repo","0_original.png","2944738","1536","1024","2026-06-01T21:00:58Z","87D69265DD914ED794030DE8324A8669B42B2908C2069CF25C05216943280A68","0100101000010110000011011101010110101101110101001001000100100101","","N3","no",""
"C:\Users\dstor\lse-repo\.build\image_compare\LSE_B28_North_Texas_Bed_Pivot_Calendar_Ch25_Ch29_Ch30\1_png256.png","repo","1_png256.png","831050","1536","1024","2026-09-19T21:16:35Z","E0E9140038F3080DDAE3FE245FC1C52CE5BC488D8BECB575F7E4F242C236FE16","0100101000010110000011011101010110101101110101001001000100100101","D7","N3","no",""
"C:\Users\dstor\lse-repo\.build\image_compare\LSE_B28_North_Texas_Bed_Pivot_Calendar_Ch25_Ch29_Ch30\2_jpeg85.jpg","repo","2_jpeg85.jpg","478934","1536","1024","2026-09-19T21:16:35Z","D9AF2C07F72FC26DFD4000397569B02B27BCBF97BB6D8E2EF0950B2A06CFD4A1","0100101001010110000011011101010110101101100101001001000100100101","","N3","no",""
"C:\Users\dstor\lse-repo\.build\image_compare\LSE_B28_North_Texas_Bed_Pivot_Calendar_Ch25_Ch29_Ch30\2_jpeg92.jpg","repo","2_jpeg92.jpg","645223","1536","1024","2026-09-19T21:16:35Z","2E0686164C6BE55F0568268B90DD067477B6EC41E2200FFF035AA2D2561F4F4B","0100101001010110000011011101010110101101110101001001000100100101","","N3","no",""
"C:\Users\dstor\lse-repo\.build\image_compare\LSE_B36_Yellowing_Leaves_Decision_Tree_AppB\0_original.png","repo","0_original.png","2946770","1024","1536","2026-06-04T14:57:00Z","6E19548DBE9359F08E5B51FA66C19B23AD707F5737E0B6EBE75D1BC8C0AA61CC","1010101001010000110101001110101011010100001100010100100000010010","","N4","no",""
"C:\Users\dstor\lse-repo\.build\image_compare\LSE_B36_Yellowing_Leaves_Decision_Tree_AppB\1_png256.png","repo","1_png256.png","955327","1024","1536","2026-09-19T21:16:35Z","1602B5BB6878547AB2CD55A33E5855246B40B0762DACE4172EF25B23314EB331","1010100011010000110101001110101011010100001100010100100000010010","D1","N4","no",""
"C:\Users\dstor\lse-repo\.build\image_compare\LSE_B36_Yellowing_Leaves_Decision_Tree_AppB\2_jpeg85.jpg","repo","2_jpeg85.jpg","520629","1024","1536","2026-09-19T21:16:35Z","043D4F661E67AF0BD4A85DACE07578C2CEB74A00DD48D7F783BE862B9B1B91F7","1011101011010000110111001110101011010100001100010100100000010010","","N4","no",""
"C:\Users\dstor\lse-repo\.build\image_compare\LSE_B36_Yellowing_Leaves_Decision_Tree_AppB\2_jpeg92.jpg","repo","2_jpeg92.jpg","693913","1024","1536","2026-09-19T21:16:35Z","14F7D14479403AB90A8CE273CD710D4F3DC6C737A93DD7085452667A3C9BA6DB","1011101011010000110111001110101011010100001100010100100000010010","","N4","no",""
"C:\Users\dstor\lse-repo\.build\image_compare\LSE_C03_Daily_Weekly_Scouting_Route_Ch39_Ch49\0_original.png","repo","0_original.png","3336988","1536","1024","2026-06-01T22:41:46Z","DC29599CAB372D3922D1F04487155E60C333AD8F90D0ECA44ECC8B02A8DFB1CD","0100001011101100110010011101000110100101101011010100110100100101","","N5","no",""
"C:\Users\dstor\lse-repo\.build\image_compare\LSE_C03_Daily_Weekly_Scouting_Route_Ch39_Ch49\1_png256.png","repo","1_png256.png","975564","1536","1024","2026-09-19T21:16:36Z","7C1AFE8D8D9BC6A919B2957A21FE01EDAC558368CC229AD05BF247D170C1209D","0100001011101100110010011101000110100101101011010100110100100101","","N5","no",""
"C:\Users\dstor\lse-repo\.build\image_compare\LSE_C03_Daily_Weekly_Scouting_Route_Ch39_Ch49\2_jpeg85.jpg","repo","2_jpeg85.jpg","545048","1536","1024","2026-09-19T21:16:36Z","F8EF5372D8EF2C4261599860BDD41A2DFFB7A0317A939791F381ACA2759E71D7","0110001011101100110010011101000110100101101011010100110100100100","","N5","no",""
"C:\Users\dstor\lse-repo\.build\image_compare\LSE_C03_Daily_Weekly_Scouting_Route_Ch39_Ch49\2_jpeg92.jpg","repo","2_jpeg92.jpg","730719","1536","1024","2026-09-19T21:16:36Z","B1883188004EE2448CF7A22AE716C8F3D1380548358EF9A7E8BD8BB7C25D4D87","0110001011101100110010011101000110100101101011010100110100100100","D4","N5","no",""
"C:\Users\dstor\lse-repo\.build\image_compare\UCI_020_Common_Dallas_Pest_Identification_Guide\0_original.png","repo","0_original.png","2875788","1536","1024","2026-06-04T14:56:26Z","7F9FE9A1BACF0C4DD0C4E6AB563640628764B7CED40E7F164469183A57180305","1000100010101001001010000010101000101001101010010010100101010100","","N6","no",""
"C:\Users\dstor\lse-repo\.build\image_compare\UCI_020_Common_Dallas_Pest_Identification_Guide\1_png256.png","repo","1_png256.png","907366","1536","1024","2026-09-19T21:16:35Z","3C6257C7E679AC2786D641A9E4815A5E9FA8E08F7077FAEFB7DE79F8196AD7CA","1000100010101001001010000010101000101001101010010010100101010100","D2","N6","no",""
"C:\Users\dstor\lse-repo\.build\image_compare\UCI_020_Common_Dallas_Pest_Identification_Guide\2_jpeg85.jpg","repo","2_jpeg85.jpg","466702","1536","1024","2026-09-19T21:16:35Z","86B29D24445D44CA13A84E887CDC2E8947A5E68945DC2261774B84F23C171FF4","1000100010101001001010000010101000101001101010010010100101010100","","N6","no",""
"C:\Users\dstor\lse-repo\.build\image_compare\UCI_020_Common_Dallas_Pest_Identification_Guide\2_jpeg92.jpg","repo","2_jpeg92.jpg","622835","1536","1024","2026-09-19T21:16:35Z","2B0B25A2FB7E74EB8FE2DB73778DE7E92EE2F0FEF8FA817130E1D9C9BE28359A","1000100010101001001010000010101000101001101010010010100101010100","","N6","no",""
"C:\Users\dstor\lse-repo\assets\B30_001__LSE_FOUND_B26_ABIOTIC_Pepper_Sunscald_ExposedFruit_DonFerrin_Bugwood_CC-BY-3.jpg","repo","B30_001__LSE_FOUND_B26_ABIOTIC_Pepper_Sunscald_ExposedFruit_DonFerrin_Bugwood_CC-BY-3.jpg","449177","2000","1500","2026-09-19T21:08:07Z","6D11FFD84E1771B5A4428EB70D95BDE11A9FE51D4935E9B441D7D8D3C0A025E6","1100101111101111110011101000110010001110110011100110111001001100","","","no",""
"C:\Users\dstor\lse-repo\assets\B30_002__LSE_FOUND_B26_ABIOTIC_Tomato_FruitCracking_IrregularIrrigationCue_Fructibus_CC0.jpg","repo","B30_002__LSE_FOUND_B26_ABIOTIC_Tomato_FruitCracking_IrregularIrrigationCue_Fructibus_CC0.jpg","48356","1000","918","2026-06-04T14:56:26Z","27E9C24D4A1097C4233CDAD1A8781DC4C83C963DCE4FC43754113F794B968E0D","0000100101101000111010001110101011001000111100001110100011110001","","","no",""
"C:\Users\dstor\lse-repo\assets\B30_003__LSE_FOUND_B26_ABIOTIC_Tomato_Catfacing_FruitDeformity_ParthasarathySeethapathy_CC-BY-SA-4.jpg","repo","B30_003__LSE_FOUND_B26_ABIOTIC_Tomato_Catfacing_FruitDeformity_ParthasarathySeethapathy_CC-BY-SA-4.jpg","69197","926","1000","2026-06-04T14:56:26Z","C44D6AE12EA443729F422976070F814E3AEE5CFDE175BDAD2B8A2B87572E642C","0001001111010100110001011001010010011110100001100100110000000011","","","no",""
"C:\Users\dstor\lse-repo\assets\B30_004__LSE_FOUND_B26_ABIOTIC_Tomato_HailDamage_BruisedBrokenStems_DwightSipler_CC-BY-2.jpg","repo","B30_004__LSE_FOUND_B26_ABIOTIC_Tomato_HailDamage_BruisedBrokenStems_DwightSipler_CC-BY-2.jpg","130648","742","1000","2026-06-04T14:56:26Z","1E8C297A98380CB138E33F1EFFD637C3F358523CFF9226C9AE20E82974404D4E","0110101000110011000110000101000100100101010011001100100110011000","","","no",""
"C:\Users\dstor\lse-repo\assets\B30_005__LSE_FOUND_B26_ROOTS_Container_Rootbound_CirclingRoots_B137_CC0.jpg","repo","B30_005__LSE_FOUND_B26_ROOTS_Container_Rootbound_CirclingRoots_B137_CC0.jpg","110552","750","1000","2026-06-04T14:56:26Z","CEA3FCB8E2607A9F8228C2B8FF5599405D1FA379A95AB571AF2C180FADFC43AC","0101000001001100000100001101100100101010001111100011011010111000","","","no",""
"C:\Users\dstor\lse-repo\assets\B30_006__LSE_FOUND_B26_ROOTS_Tomato_RootKnotNematode_GalledRoots_PlantPestsDiseases_CC0.jpg","repo","B30_006__LSE_FOUND_B26_ROOTS_Tomato_RootKnotNematode_GalledRoots_PlantPestsDiseases_CC0.jpg","154818","1000","750","2026-06-04T14:56:26Z","754CBA6DCFC99CBCD1C44908AD065FEF10E95763543AB7A303FB9790B66ACE49","0001100000011000100101100101101000010100011001000110011111100110","","","no",""
"C:\Users\dstor\lse-repo\assets\B30_007__LSE_FOUND_B26_COMPOST_Compost_MaturityContamination_TemperatureInspection_StephenAusmus_USDA-PD.jpg","repo","B30_007__LSE_FOUND_B26_COMPOST_Compost_MaturityContamination_TemperatureInspection_StephenAusmus_USDA-PD.jpg","96187","427","640","2026-06-04T14:56:26Z","242C4D074611A13C11D84685FB1354D1C37E4E8A54627562C088AABB3E420738","1010100101011000010110001000100111011000010010110101010110010110","","","no",""
"C:\Users\dstor\lse-repo\assets\B30_008__LSE_FOUND_B26_SOIL_AggregateStability_SlakeComparison_LanceCheung_USDA-PD.jpg","repo","B30_008__LSE_FOUND_B26_SOIL_AggregateStability_SlakeComparison_LanceCheung_USDA-PD.jpg","86493","1000","648","2026-06-04T14:56:26Z","531EB897F23CACEB5D500AE4124A30C369EBD1C65BD581C9FAB232ED69EF51F1","1101010000101100100100111001000110010110101100000101110110011001","","","no",""
"C:\Users\dstor\lse-repo\assets\B30_009__LSE_FOUND_B26_WATER_DripIrrigation_WettingPattern_PeggyGreb_USDA-PD.jpg","repo","B30_009__LSE_FOUND_B26_WATER_DripIrrigation_WettingPattern_PeggyGreb_USDA-PD.jpg","231166","427","640","2026-05-27T23:02:46Z","2F13FD9BD51E7072009E5F9729192B748880A23E3BD1EFFCF7CE9E9CA2180E9D","0111101001110011011010001110010101101110111100111011010100010101","","","no",""
"C:\Users\dstor\lse-repo\assets\B30_010__LSE_FOUND_B26_PEST_SquashBug_EggCluster_UndersidePumpkinLeaf_Bdm25_CC-BY-SA-4.jpg","repo","B30_010__LSE_FOUND_B26_PEST_SquashBug_EggCluster_UndersidePumpkinLeaf_Bdm25_CC-BY-SA-4.jpg","63551","1000","602","2026-06-04T14:56:26Z","C837AE6A0FEFB2B170096C621EC18BAE7D06C4A4FD0392B363E9E6C1AE208746","0000000100100101100101100010100000111000000010010000011100101001","","","no",""
"C:\Users\dstor\lse-repo\assets\B30_011__LSE_FOUND_B26_PEST_SquashBug_EggCluster_AnasaTristis_BeatrizMoisset_CC-BY-SA-4.jpg","repo","B30_011__LSE_FOUND_B26_PEST_SquashBug_EggCluster_AnasaTristis_BeatrizMoisset_CC-BY-SA-4.jpg","55991","609","595","2026-06-04T14:56:26Z","24EACCC06FA40D769D315E0AEF2E730ABE121211CFC8D4C6BBBE0C4DE6270175","1101010101001010111100001110100101110010110011101100101000110111","","","no",""
"C:\Users\dstor\lse-repo\assets\B30_012__LSE_FOUND_B26_PEST_SquashBug_Nymphs_OnSummerSquash_Pollinator_CC-BY-2-5.jpg","repo","B30_012__LSE_FOUND_B26_PEST_SquashBug_Nymphs_OnSummerSquash_Pollinator_CC-BY-2-5.jpg","79183","1000","747","2026-06-04T14:56:26Z","6C8FEBEF3ECB805D3D493FA97277F77BCCD2F0FD0AD8CD7E0E8C3215AA610074","0111010111110010111010011110101110001110100010011010100001011101","","","no",""
"C:\Users\dstor\lse-repo\assets\B30_013__LSE_FOUND_B26_PEST_SquashBug_Adult_MarginalResolution_Downtowngal_CC0.jpg","repo","B30_013__LSE_FOUND_B26_PEST_SquashBug_Adult_MarginalResolution_Downtowngal_CC0.jpg","41696","428","540","2026-06-04T14:56:26Z","843C0D0372ABD1449BB65A01FB6E2F86AA79367BD68B48E48EDD5623BB9473DB","0011010001000011101100100111000111101000101010000101000110011110","","","no",""
"C:\Users\dstor\lse-repo\assets\B30_022__LSE_FOUND_B27_ABIOTIC_Tomato_2-4DDrift_CuppedNewGrowth_MaryAnnHansen-Bugwood_CONDITIONAL.jpg","repo","B30_022__LSE_FOUND_B27_ABIOTIC_Tomato_2-4DDrift_CuppedNewGrowth_MaryAnnHansen-Bugwood_CONDITIONAL.jpg","40866","750","505","2026-06-04T14:56:26Z","0CBB51CD697926A53FDF9449D99C824B4DFEB148A29265837C11E9BCAC2A5D3D","0000000001001000010011101010101010101110101010101010000000000000","","","no",""
"C:\Users\dstor\lse-repo\assets\B30_023__LSE_FOUND_B27_ABIOTIC_Tomato_GlyphosateInjury_YellowDistortedNewGrowth_NathanHoward-Bugwood_VERIFY.jpg","repo","B30_023__LSE_FOUND_B27_ABIOTIC_Tomato_GlyphosateInjury_YellowDistortedNewGrowth_NathanHoward-Bugwood_VERIFY.jpg","38820","400","324","2026-06-04T14:56:26Z","76BF4A01179A23A1E5E7F89D4CDB07C8DCD224AC3353C673A8C3A756C605116B","1011001010010110110100101010001110101011110010011010101110101011","","","no",""
"C:\Users\dstor\lse-repo\assets\B30_024__LSE_FOUND_B27_ABIOTIC_Tomato_2-4DInjury_TwistedCurlingShoot_PBacchi-Bugwood_VERIFY.jpg","repo","B30_024__LSE_FOUND_B27_ABIOTIC_Tomato_2-4DInjury_TwistedCurlingShoot_PBacchi-Bugwood_VERIFY.jpg","62606","480","332","2026-09-19T21:22:27Z","A7E6A28034DF8A0A3B3A9BD9A528EE74E6ABB42C0216B5D85439E81F69F73C8F","0011100001101001110110011100110011000100101001101100101011100010","","","no",""
"C:\Users\dstor\lse-repo\assets\B30_025__LSE_FOUND_B27_ROOTS_Tomato_FusariumWilt_VascularBrowningStemSplit_NCSU-IngaMeadows_VERIFY.jpg","repo","B30_025__LSE_FOUND_B27_ROOTS_Tomato_FusariumWilt_VascularBrowningStemSplit_NCSU-IngaMeadows_VERIFY.jpg","37967","600","450","2026-06-04T14:56:26Z","DA2317E590F30CAAC2DF43E3A0AADC4D01F2C2D796A274F64DDE978FCE36BEBC","0110111111100101111010101010100111011010110100101100001011101100","","","no",""
"C:\Users\dstor\lse-repo\assets\B30_026__LSE_FOUND_B27_ROOTS_Pepper_DampingOff_StemCankerSoilLine_UMass-TSmith_VERIFY.jpg","repo","B30_026__LSE_FOUND_B27_ROOTS_Pepper_DampingOff_StemCankerSoilLine_UMass-TSmith_VERIFY.jpg","93909","700","525","2026-06-04T14:56:26Z","3B309CBEAC50293342639D1AF54F8959882790159BE3F2F5B91A9741314F2A50","0100011000101010110010010100101101010010010011010100111001110000","","","no",""
"C:\Users\dstor\lse-repo\assets\B30_027__LSE_FOUND_B27_PEST_Cowpea_CowpeaCurculio_PodCrossSectionLarvaAdult_UGA_VERIFY.jpg","repo","B30_027__LSE_FOUND_B27_PEST_Cowpea_CowpeaCurculio_PodCrossSectionLarvaAdult_UGA_VERIFY.jpg","12837","300","166","2026-06-04T14:56:26Z","151E34C5F06E8A5DB083D0C93EE7E161043AE169DACBDDA5977757D43DB553F5","1011001111000010010001010010010110100101100010100011101001110011","","","no",""
"C:\Users\dstor\lse-repo\assets\B30_028__LSE_FOUND_B27_PEST_Cowpea_CowpeaCurculio_LarvaInsidePodRisk_UGA_VERIFY.jpg","repo","B30_028__LSE_FOUND_B27_PEST_Cowpea_CowpeaCurculio_LarvaInsidePodRisk_UGA_VERIFY.jpg","3619","168","101","2026-06-04T14:56:26Z","F3B40D821C318025C27C67A14C422E80649CDE76738E60019AAA6CDC57B5BD10","1110101001101110100011001001011101001010001001111110101101000111","","","no",""
"C:\Users\dstor\lse-repo\assets\B30_029__LSE_FOUND_B27_PEST_Cowpea_CowpeaCurculio_AdultScouting_UGA_VERIFY.jpg","repo","B30_029__LSE_FOUND_B27_PEST_Cowpea_CowpeaCurculio_AdultScouting_UGA_VERIFY.jpg","14761","300","255","2026-06-04T14:56:26Z","4617EE7617C67A7B096FCE2ED3EC2B0122057843FB836152E17D2D7B79E988D2","1111001111111000010100001101100001000001111000001011001101001011","","","no",""
"C:\Users\dstor\lse-repo\assets\B30_030__LSE_FOUND_B27_PEST_Eggplant_FleaBeetle_ShotHolePittedLeaf_DavidCappaert-Bugwood_VERIFY.jpg","repo","B30_030__LSE_FOUND_B27_PEST_Eggplant_FleaBeetle_ShotHolePittedLeaf_DavidCappaert-Bugwood_VERIFY.jpg","54663","600","600","2026-06-04T14:56:26Z","F5F5309532C93506579C2DBF4F5EC3CCAC8B236A1195A907B5B2AA897895882E","1000101011110100011010100100100101010111000010010111100001111000","","","no",""
"C:\Users\dstor\lse-repo\assets\B30_031__LSE_FOUND_B27_PEST_Corn_BlackCutworm_SeveredSeedlingDamage_WM-Hantsbarger_CC-BY-3.0-US.jpg","repo","B30_031__LSE_FOUND_B27_PEST_Corn_BlackCutworm_SeveredSeedlingDamage_WM-Hantsbarger_CC-BY-3.0-US.jpg","118351","1000","759","2026-06-04T14:56:26Z","2AB59F7433E6A5A0AC31976CE4F6BFBB5F393A069DB4D9C34BF4F223934E279E","1010110010111010110101000110100011111010110111001001000010101100","","","no",""
"C:\Users\dstor\lse-repo\assets\B30_032__LSE_FOUND_B27_EXCLUSION_Seedlings_CutwormCollars_CardboardBarrier_KathleenMoore_CC-BY-2.0.jpg","repo","B30_032__LSE_FOUND_B27_EXCLUSION_Seedlings_CutwormCollars_CardboardBarrier_KathleenMoore_CC-BY-2.0.jpg","65277","413","600","2026-06-04T14:56:26Z","885F69CDB569AB3AAEF5DC411789A6870B856E5957644AC408ACCA227C87600E","1001101000110110101101101101011110010111110010110011010111101001","","","no",""
"C:\Users\dstor\lse-repo\assets\B30_033__LSE_FOUND_B27_EXCLUSION_VegetableBeds_FloatingRowCover_PhysicalBarrier_ScotNelson_CONDITIONAL.jpg","repo","B30_033__LSE_FOUND_B27_EXCLUSION_VegetableBeds_FloatingRowCover_PhysicalBarrier_ScotNelson_CONDITIONAL.jpg","43866","600","450","2026-06-04T14:56:26Z","82C1FB481C50E5C0A3613C08AC3CEDD41FB8F88661470E5C40B981025A1C815E","0000100100110101101011010111011110100011101010101001001100101100","","","no",""
"C:\Users\dstor\lse-repo\assets\B30_034__LSE_FOUND_B27_EXCLUSION_Containers_SlugBarrier_CopperTape_KathleenMoore_CC-BY-2.0.jpg","repo","B30_034__LSE_FOUND_B27_EXCLUSION_Containers_SlugBarrier_CopperTape_KathleenMoore_CC-BY-2.0.jpg","61030","450","600","2026-06-04T14:56:26Z","E70D973755BC46FC1F104990F26C98660893A346FC59C247ABC7860E297B4737","0010101101000111011010100100001011000011110100110100101001010101","","","no",""
"C:\Users\dstor\lse-repo\assets\B30_035__LSE_FOUND_B27_ABIOTIC_Squash_PesticideBurn_SoapPyrethrinLeafScorch_UMD_VERIFY.jpg","repo","B30_035__LSE_FOUND_B27_ABIOTIC_Squash_PesticideBurn_SoapPyrethrinLeafScorch_UMD_VERIFY.jpg","81843","1000","664","2026-06-04T14:56:26Z","E4F56C0BDEB84BA77C211A81CF9FE399315C66EB2DD0ED274DE09B74F636F5E7","1000110110111101001011111001011000101110001111000001100011100101","D8","","no",""
"C:\Users\dstor\lse-repo\assets\B30_036__LSE_FOUND_B27_ABIOTIC_Bean_PesticideBurn_LeafScorch_UMD_VERIFY.jpg","repo","B30_036__LSE_FOUND_B27_ABIOTIC_Bean_PesticideBurn_LeafScorch_UMD_VERIFY.jpg","287722","825","1100","2026-09-19T21:22:27Z","C37D227226CE2D653AF3E8AF7E1B29E235B2A1F3E72004E0E9250416A369C415","1010010101100110101000100111000101010010010100111011001110000011","D6","","no",""
"C:\Users\dstor\lse-repo\assets\B30_037__LSE_FOUND_B27_ABIOTIC_VegetableTransplant_ColdFreezeDamage_WhiteLeaves_UMD_VERIFY.jpg","repo","B30_037__LSE_FOUND_B27_ABIOTIC_VegetableTransplant_ColdFreezeDamage_WhiteLeaves_UMD_VERIFY.jpg","21382","472","328","2026-06-04T14:56:26Z","20A840E36457F6DED99E24E34DD1269074DB6E744B663CF35BB4CD28B784BEB2","1101111010001011011010101000111010010100010110011101010101101001","","","no",""
"C:\Users\dstor\lse-repo\assets\B30_038__LSE_FOUND_B27_ABIOTIC_Tomato_FertilizerBurn_YoungLeafScorch_UMD_VERIFY.jpg","repo","B30_038__LSE_FOUND_B27_ABIOTIC_Tomato_FertilizerBurn_YoungLeafScorch_UMD_VERIFY.jpg","19716","400","300","2026-06-04T14:56:26Z","1B7A90E8E0800AC830515227663E98004CE9C183E66C56A5948DF32DED4F9A2A","0110110000101100001001000110011010001101010101010101100100101101","","","no",""
"C:\Users\dstor\lse-repo\assets\B30_039__LSE_FOUND_B27_ABIOTIC_Tomato_FlumioxazinDrift_FruitNecrosis_NCSU-CC-BY-NC-SA_REJECT.jpg","repo","B30_039__LSE_FOUND_B27_ABIOTIC_Tomato_FlumioxazinDrift_FruitNecrosis_NCSU-CC-BY-NC-SA_REJECT.jpg","31347","389","386","2026-09-19T21:22:27Z","A9124C81BDCA0E129C58E2C21F6A67CC0A9D41383C0FDE13CF8AB12AE3C59603","0101010011010110001111100001011000010110001001101000011011110010","","","no",""
"C:\Users\dstor\lse-repo\assets\B30_040__LSE_FOUND_B27_ABIOTIC_Tomato_FlumioxazinDrift_FoliageStemNecrosis_NCSU-CC-BY-NC-SA_REJECT.jpg","repo","B30_040__LSE_FOUND_B27_ABIOTIC_Tomato_FlumioxazinDrift_FoliageStemNecrosis_NCSU-CC-BY-NC-SA_REJECT.jpg","80698","556","553","2026-09-19T21:22:27Z","EF9EF8278DE7698B23021DA96149AA5E6A54107121F2AF8F4F1C060D79151DE6","0111100001011011111011010100100101000010010101101001001110011010","","","no",""
"C:\Users\dstor\lse-repo\assets\B30_045__LSE_FOUND_B28_ABIOTIC_Tomato_HailDamage_FruitBruisesHoles_DwightSipler_CC-BY-2.0.jpg","repo","B30_045__LSE_FOUND_B28_ABIOTIC_Tomato_HailDamage_FruitBruisesHoles_DwightSipler_CC-BY-2.0.jpg","92438","665","1000","2026-06-04T14:56:26Z","047715786FAF5CCCAC69BD959E8450D53E72F0A2B4105F345DA93F7AB5DB023B","0111010110011000101101101110001110101010101101101001101001110111","","","no",""
"C:\Users\dstor\lse-repo\assets\B30_046__LSE_FOUND_B28_ROOTS_Tomato_BacterialWilt_StemCrossSection_ClemsonUSDA_CC-BY-3.0.jpg","repo","B30_046__LSE_FOUND_B28_ROOTS_Tomato_BacterialWilt_StemCrossSection_ClemsonUSDA_CC-BY-3.0.jpg","109937","1000","966","2026-06-04T14:56:26Z","93796E9BBE17FFFE043FEF8349F391B4A85D3C7CA9B56B55CF81ED24A5974696","0101101000100101001010110100011100011111001011110011111110011111","","","no",""
"C:\Users\dstor\lse-repo\assets\B30_047__LSE_FOUND_B28_DISEASE_Tomato_RhizoctoniaSolani_FruitRotBlackLesions_JGK_hn_CC-BY-3.0.jpg","repo","B30_047__LSE_FOUND_B28_DISEASE_Tomato_RhizoctoniaSolani_FruitRotBlackLesions_JGK_hn_CC-BY-3.0.jpg","106283","685","999","2026-06-04T14:56:26Z","433056349F126272DA7E7EE196D6C6389ED4CC09323044B45CD966172F4065E4","0110101000100101010101000111010111010000101001011000101000000010","","","no",""
"C:\Users\dstor\lse-repo\assets\B30_048__LSE_FOUND_B28_PEST_Brassica_CabbageFlyMaggot_RootDamage_Kohlrabi_SchlagheckenJosef_CC-BY-4.0.jpg","repo","B30_048__LSE_FOUND_B28_PEST_Brassica_CabbageFlyMaggot_RootDamage_Kohlrabi_SchlagheckenJosef_CC-BY-4.0.jpg","73518","1000","750","2026-06-04T14:56:26Z","CF1D7D9BD930E5AF37BE15BC6A1D06FBB39E91C080C71B5F8B8E97CF23037169","0100110101011010011000101010100011111001111000001110100000110000","","","no",""
"C:\Users\dstor\lse-repo\assets\B30_049__LSE_FOUND_B28_SOIL_DroughtDrySoil_CrackingScale_VladislavNekrasov_CC-BY-4.0.jpg","repo","B30_049__LSE_FOUND_B28_SOIL_DroughtDrySoil_CrackingScale_VladislavNekrasov_CC-BY-4.0.jpg","96204","999","666","2026-06-04T14:56:26Z","95B361ED6B41736425FF312023E4781E18DC6D1E49DC4A7598AAE28C024EE8A1","0011001100110010111101011001001101000101101000110101011000011101","","","no",""
"C:\Users\dstor\lse-repo\assets\B30_050__LSE_FOUND_B28_ABIOTIC_Tomato_FrostDamage_LeafFruitBurn_AmroBinKulthoum_CC-BY-SA-3.0.jpg","repo","B30_050__LSE_FOUND_B28_ABIOTIC_Tomato_FrostDamage_LeafFruitBurn_AmroBinKulthoum_CC-BY-SA-3.0.jpg","172653","1000","750","2026-06-04T14:56:26Z","2A5E8505984A2CB2F5F07B81D51248B09B9F1C72BEE735D1BCCEDE9E1F817700","0000100110010100100011100110000101100110001010100010100110111010","","","no",""
"C:\Users\dstor\lse-repo\assets\B30_051__LSE_FOUND_B28_DISEASE_Tomato_SouthernBlight_SclerotiaAtCrown_PersleyCooke_CC-BY-SA-3.0_LOWRES.jpg","repo","B30_051__LSE_FOUND_B28_DISEASE_Tomato_SouthernBlight_SclerotiaAtCrown_PersleyCooke_CC-BY-SA-3.0_LOWRES.jpg","61088","498","500","2026-06-04T14:56:26Z","A2A8D82BD075CA821C42AC57875D5DB67E91434E92F18E350E68C9EB9B1BCDE3","1000011000011011001010100111000101010111101010111010010110010110","","","no",""
"C:\Users\dstor\lse-repo\assets\B30_052__LSE_FOUND_B28_PEST_Brassica_CabbageFlyLarva_StalkDamage_PakChoi_SchlagheckenJosef_CC-BY-SA-4.0.jpg","repo","B30_052__LSE_FOUND_B28_PEST_Brassica_CabbageFlyLarva_StalkDamage_PakChoi_SchlagheckenJosef_CC-BY-SA-4.0.jpg","184187","1000","750","2026-06-04T14:56:26Z","70DE5A926547F5134D931843556187C65198E981AB0CDAE8517CCD38B934BD83","1001110010101100010111000110101000111011010011000101100101110101","","","no",""
"C:\Users\dstor\lse-repo\assets\B30_053__LSE_FOUND_B28_PEST_Brassica_DeliaRadicum_MaggotPupaLifeStages_Rasbak_CC-BY-SA-GFDL.jpg","repo","B30_053__LSE_FOUND_B28_PEST_Brassica_DeliaRadicum_MaggotPupaLifeStages_Rasbak_CC-BY-SA-GFDL.jpg","155729","1000","784","2026-06-04T14:56:26Z","CF6A9705593690E829C282799006D15AC6DCFC79A102A13E95A85CD649036C7A","1010110110100100101001101000010110010110100101011001110110101101","","","no",""
"C:\Users\dstor\lse-repo\assets\B30_054__LSE_FOUND_B28_PEST_SquashVineBorer_FrassAtStem_Pollinator_CC-BY-2.5_CONDITIONAL.jpg","repo","B30_054__LSE_FOUND_B28_PEST_SquashVineBorer_FrassAtStem_Pollinator_CC-BY-2.5_CONDITIONAL.jpg","135500","1000","986","2026-06-04T14:56:26Z","E873B9758F3D35918131A00223EFDE24B9F8C63E0A8395CCF1E20E7C1C7AC420","0011110100111110101101100010110101101010010101110010010110100111","","","no",""
"C:\Users\dstor\lse-repo\assets\B30_055__LSE_FOUND_B28_PEST_SquashVineBorer_LarvaeSplitStemFrass_Pollinator_CC-BY-2.5_CONDITIONAL.jpg","repo","B30_055__LSE_FOUND_B28_PEST_SquashVineBorer_LarvaeSplitStemFrass_Pollinator_CC-BY-2.5_CONDITIONAL.jpg","125124","1000","750","2026-06-04T14:56:26Z","A9753DA87DC8C5D7A4543F572CD6501D5E21710394678854E2E21E649BB65A32","1100101110100010000011010010101000111110001010011100010101010011","","","no",""
"C:\Users\dstor\lse-repo\assets\B30_056__LSE_FOUND_B28_ABIOTIC_FertilizerBurn_LeafScorchPattern_CannabisCropMismatch_Fenrisulfir_CC-BY-SA-GFDL.jpg","repo","B30_056__LSE_FOUND_B28_ABIOTIC_FertilizerBurn_LeafScorchPattern_CannabisCropMismatch_Fenrisulfir_CC-BY-SA-GFDL.jpg","442054","1301","1925","2026-05-27T23:03:31Z","6B5C5D68921C7C9BBB3695F4A64F34D071FE3A1F1FB9425585C7B78293A73A68","0011101100111000010101100010111001111111100110100000101010101110","","","no",""
"C:\Users\dstor\lse-repo\assets\B30_067__LSE_FOUND_B29_ABIOTIC_ContainerHerbs_SaltBuildup_WhiteSaltCrust_DianeMays_CC-BY-2.0.jpg","repo","B30_067__LSE_FOUND_B29_ABIOTIC_ContainerHerbs_SaltBuildup_WhiteSaltCrust_DianeMays_CC-BY-2.0.jpg","28034","600","450","2026-06-04T14:56:26Z","1B80DE2ABEDCF47E4F8324243DFF70C7387B1006222EB97B0BADE207EF2B3F03","1010010010100100100110001000101010101001111100001110000011100000","","","no",""
"C:\Users\dstor\lse-repo\assets\B30_068__LSE_FOUND_B29_PRACTICAL_ContainerVegetables_ReservoirSpace_WateringDepth_KathleenMoore_CC-BY-2.0.jpg","repo","B30_068__LSE_FOUND_B29_PRACTICAL_ContainerVegetables_ReservoirSpace_WateringDepth_KathleenMoore_CC-BY-2.0.jpg","42388","450","600","2026-06-04T14:56:26Z","932E0A938FF9BDA1C077F4F697F9968D6CFBA2E24E62DA1DD915BC2CAE314341","1011101110111011101110111111101101010000110010000011101001000101","","","no",""
"C:\Users\dstor\lse-repo\assets\B30_069__LSE_FOUND_B29_PRACTICAL_SmallSpaceVegetables_OutdoorRailingContainers_LucyBradley_CC-BY-2.0.jpg","repo","B30_069__LSE_FOUND_B29_PRACTICAL_SmallSpaceVegetables_OutdoorRailingContainers_LucyBradley_CC-BY-2.0.jpg","56046","600","448","2026-06-04T14:56:26Z","9F5C21F699BD0948118F96A800FCB7E2A766FD897ACBB3BA77967C1136B25BE9","0110100100100110001111111010011010001110011010100010110010001001","","","no",""
"C:\Users\dstor\lse-repo\assets\B30_070__LSE_FOUND_B29_ABIOTIC_Tomato_HerbicideResidue_CuppedNewGrowth_VCE_PublicUse.jpg","repo","B30_070__LSE_FOUND_B29_ABIOTIC_Tomato_HerbicideResidue_CuppedNewGrowth_VCE_PublicUse.jpg","104647","800","560","2026-06-04T14:56:26Z","65E8E18DE00F2F80DB20BC6B03DF60EA4D3A49557204539EFCD30D478AA2174B","0100101001000111010101010100110001001000100110011101001101010001","","","no",""
"C:\Users\dstor\lse-repo\assets\B30_071__LSE_FOUND_B29_ABIOTIC_Bean_HerbicideInjury_EpinastySwollenStems_VCE_PublicUse.jpg","repo","B30_071__LSE_FOUND_B29_ABIOTIC_Bean_HerbicideInjury_EpinastySwollenStems_VCE_PublicUse.jpg","107673","800","566","2026-06-04T14:56:26Z","E23EA6DECE9C5EEBA826D0694066E51EF1D4A31DEE85C883C40F72F31D66BD48","1011111011010101011010010001000110100010111001100100011011011100","","","no",""
"C:\Users\dstor\lse-repo\assets\B30_072__LSE_FOUND_B29_ABIOTIC_Squash_HerbicideResidue_FieldEpinastyTwisting_VCE_PublicUse.jpg","repo","B30_072__LSE_FOUND_B29_ABIOTIC_Squash_HerbicideResidue_FieldEpinastyTwisting_VCE_PublicUse.jpg","124628","800","418","2026-06-04T14:56:26Z","A5ADF2EDBA5B94158EF67496C62C53CAE69460D4E8D9C506D56B95ABB449FB90","1001111101011011010100101010100100101100101100101100101111101001","","","no",""
"C:\Users\dstor\lse-repo\assets\B30_073__LSE_FOUND_B29_PRACTICAL_RowCover_LowTunnel_FabricOverHoops_KathleenMoore_CC-BY-2.0.jpg","repo","B30_073__LSE_FOUND_B29_PRACTICAL_RowCover_LowTunnel_FabricOverHoops_KathleenMoore_CC-BY-2.0.jpg","60942","600","450","2026-06-04T14:56:26Z","3A17DF8BEF49206F2C4B1F4504A0F5407FBC87FBB650FA7C8BCA6E7CE339771A","1110100011010001001000011110010011000000100100001001010101010010","","","no",""
"C:\Users\dstor\lse-repo\assets\B30_074__LSE_FOUND_B29_PRACTICAL_HighTunnel_Vegetables_RollUpVentilation_KathleenMoore_CC-BY-2.0.jpg","repo","B30_074__LSE_FOUND_B29_PRACTICAL_HighTunnel_Vegetables_RollUpVentilation_KathleenMoore_CC-BY-2.0.jpg","63539","450","600","2026-06-04T14:56:26Z","C0652A29FC251AF4B2E3D659C976C08A6BBD31C2A96E23DF64FF00B4721B3D69","0000000010000110010011100101001101101010011100000100101000110000","","","no",""
"C:\Users\dstor\lse-repo\assets\B30_075__LSE_FOUND_B29_PRACTICAL_HerbsLettuce_ColdFrame_OpenLid_ChrisAlberti_CC-BY-2.0.jpg","repo","B30_075__LSE_FOUND_B29_PRACTICAL_HerbsLettuce_ColdFrame_OpenLid_ChrisAlberti_CC-BY-2.0.jpg","40324","400","600","2026-06-04T14:56:26Z","AD8A398832855A428F04BE048DA39B53602E95F0FE7495F6E249C6E3B9990C93","1010001011100101110000111100000110000000010100111111001010111010","","","no",""
"C:\Users\dstor\lse-repo\assets\B30_076__LSE_FOUND_B29_ROOTS_ContainerRootbound_GirdledRoots_BrendanLandis_CC-BY-SA-2.0.jpg","repo","B30_076__LSE_FOUND_B29_ROOTS_ContainerRootbound_GirdledRoots_BrendanLandis_CC-BY-SA-2.0.jpg","58785","452","600","2026-06-04T14:56:26Z","789399838B393E70175EC31FA68B5D1A8C5E9BDA3EAA4D7BE60340D48B309952","0001000100001000111100110101001101011001110101000100010010011010","","","no",""
"C:\Users\dstor\lse-repo\assets\B30_077__LSE_FOUND_B29_HOLD_ABIOTIC_Squash_PesticideBurn_Phytotoxicity_UMD_VERIFY.jpg","repo","B30_077__LSE_FOUND_B29_HOLD_ABIOTIC_Squash_PesticideBurn_Phytotoxicity_UMD_VERIFY.jpg","81843","1000","664","2026-06-04T14:56:26Z","E4F56C0BDEB84BA77C211A81CF9FE399315C66EB2DD0ED274DE09B74F636F5E7","1000110110111101001011111001011000101110001111000001100011100101","D8","","no",""
"C:\Users\dstor\lse-repo\assets\B30_078__LSE_FOUND_B29_HOLD_ABIOTIC_Bean_PesticideBurn_ScorchedLeaves_UMD_VERIFY.jpg","repo","B30_078__LSE_FOUND_B29_HOLD_ABIOTIC_Bean_PesticideBurn_ScorchedLeaves_UMD_VERIFY.jpg","287722","825","1100","2026-09-19T21:22:27Z","C37D227226CE2D653AF3E8AF7E1B29E235B2A1F3E72004E0E9250416A369C415","1010010101100110101000100111000101010010010100111011001110000011","D6","","no",""
"C:\Users\dstor\lse-repo\assets\B30_079__LSE_FOUND_B29_HOLD_PEST_Okra_StinkBugDamage_TwistedPods_Clemson_PERMISSION.jpg","repo","B30_079__LSE_FOUND_B29_HOLD_PEST_Okra_StinkBugDamage_TwistedPods_Clemson_PERMISSION.jpg","12587","331","240","2026-06-04T14:56:26Z","D21952A088E2BAFE9170E43D3A41513BD83E2B961858DECEA3EAB022269EB1EE","0000110010100100011000100000100010101000100010100100001001100100","","","no",""
"C:\Users\dstor\lse-repo\assets\B30_080__LSE_FOUND_B29_HOLD_ROOTS_Basil_RhizoctoniaRootRot_DarkRoots_MSU_PERMISSION.jpg","repo","B30_080__LSE_FOUND_B29_HOLD_ROOTS_Basil_RhizoctoniaRootRot_DarkRoots_MSU_PERMISSION.jpg","18732","288","375","2026-06-04T14:56:26Z","D2DE45A42D789AFB688F586E4BBE7813AB76EE53ABBEED8A757AC42B0D48EE7C","1110111101001011010110111001101110101011001011010101110101010110","","","no",""
"C:\Users\dstor\lse-repo\assets\B30_081__LSE_FOUND_B29_HOLD_ROOTS_Strawberry_BlackRootRot_HealthyVsDiseased_NCSU_PERMISSION.jpg","repo","B30_081__LSE_FOUND_B29_HOLD_ROOTS_Strawberry_BlackRootRot_HealthyVsDiseased_NCSU_PERMISSION.jpg","64141","600","520","2026-06-04T14:56:26Z","0204C82C411EC620E6C36A2642520056C4D256233A8B68A1C21C3CCD33A23D95","0110010010101000100011100000111000010011101001101001011010010010","","","no",""
"C:\Users\dstor\lse-repo\assets\B30_082__LSE_FOUND_B29_HOLD_DISEASE_Tomato_BacterialWilt_StreamingTest_UAEX_PERMISSION.jpg","repo","B30_082__LSE_FOUND_B29_HOLD_DISEASE_Tomato_BacterialWilt_StreamingTest_UAEX_PERMISSION.jpg","90289","751","1000","2026-06-04T14:56:26Z","C4251DD3400ABA685E1C3816514B532F8BEF06C61A7056F4A36DF1FB2E2C61FF","0001001101101110011001010101001100101001110010101000110111000111","","","no",""
"C:\Users\dstor\lse-repo\assets\lse_figures\LSE_A02_Soil_Food_Web_Functional_Map_Ch02.png","repo","LSE_A02_Soil_Food_Web_Functional_Map_Ch02.png","903185","1024","1536","2026-09-19T21:22:27Z","5C159CF679C3F8A94A4EE05029D831760CB69A045A02837442B99D900BDF3BF4","1001110010010100110011010110110010110101000111101110110001010101","D3","N1","no",""
"C:\Users\dstor\lse-repo\assets\lse_figures\LSE_A04_Mycorrhizal_Exchange_Defense_Priming_Ch06.jpg","repo","LSE_A04_Mycorrhizal_Exchange_Defense_Priming_Ch06.jpg","659772","1122","1402","2026-09-19T21:22:28Z","722BE12C7B012AB7C3CCB2A42D77FB93064C636F5A88A71DC2C1ADF2B51A9571","1101010001101010001001001000010110101001110011101011001110010101","","","no",""
"C:\Users\dstor\lse-repo\assets\lse_figures\LSE_A05_Regenerative_Permaculture_Garden_System_Ch08.jpg","repo","LSE_A05_Regenerative_Permaculture_Garden_System_Ch08.jpg","833696","1024","1536","2026-09-19T21:22:28Z","B7288B614B75B61581E4E8E4D1018BF748FBC396D68A6F0B2700FFB78CAA8B53","1100011111011001100001100101101001010100101010010101011000000000","D5","N2","no",""
"C:\Users\dstor\lse-repo\assets\lse_figures\LSE_A06_Compost_Microscope_Soil_Food_Web_Workflow_Ch09.png","repo","LSE_A06_Compost_Microscope_Soil_Food_Web_Workflow_Ch09.png","785991","1536","1024","2026-09-19T21:22:28Z","3139EE31048C7519735C3DB62B83D096C2C3CD5E5C5BD4262EF19F0BAD4F626A","0101100010010110011010010110101101011001011011010110001010100101","","","no",""
"C:\Users\dstor\lse-repo\assets\lse_figures\LSE_A09_Compost_Maturity_Contamination_Inspection_Ch13.jpg","repo","LSE_A09_Compost_Maturity_Contamination_Inspection_Ch13.jpg","641700","1122","1402","2026-09-19T21:22:28Z","3845A4E75D2F1F1A6D2F5386CB219B8114B004661E8A2883570597CF9D59C0C9","0100101111010101100101010101001101010110000110100010100011100001","","","no",""
"C:\Users\dstor\lse-repo\assets\lse_figures\LSE_A10_Brews_Teas_Ferments_Safety_Station_Ch19.jpg","repo","LSE_A10_Brews_Teas_Ferments_Safety_Station_Ch19.jpg","570483","1122","1402","2026-09-19T21:22:28Z","6E41E642B6B828F6CCB9B6EBCE6F124068464367E02CA65DF946B8610D0C64A4","0110110001010011010100001100100101000011010100010101010110110101","","","no",""
"C:\Users\dstor\lse-repo\assets\lse_figures\LSE_A12_Living_Soil_Container_Cross_Section_Ch22.jpg","repo","LSE_A12_Living_Soil_Container_Cross_Section_Ch22.jpg","606283","1122","1402","2026-09-19T21:22:28Z","11962AFD65AD72C4219D67794E877564E812B7A67719491DA971C901F4685C83","1011010101100111110001101100000110010110101101100101010010001000","","","no",""
"C:\Users\dstor\lse-repo\assets\lse_figures\LSE_A13_Cover_Crop_Function_Root_Architecture_Plate_Ch25.jpg","repo","LSE_A13_Cover_Crop_Function_Root_Architecture_Plate_Ch25.jpg","661890","1122","1402","2026-09-19T21:22:28Z","B98E79BD389AEE9138EB0FB27ABC5D34AE4DF153224A83F8A5F68A506A6FE587","0100100110101010101010100100001101001011110100110010100001001010","","","no",""
"C:\Users\dstor\lse-repo\assets\lse_figures\LSE_A14_Insectary_Pollinator_Guild_Ch28.jpg","repo","LSE_A14_Insectary_Pollinator_Guild_Ch28.jpg","717356","1122","1402","2026-09-19T21:22:29Z","29D2CDB18553F5DC44AF6B660CF2AE6C66F2B8DAE1C592D21ECAE51427CC8831","0110101100101010111001001011101010110100100101100011001101010000","","","no",""
"C:\Users\dstor\lse-repo\assets\lse_figures\LSE_A15_Crop_Family_Rotation_Map_Ch29.png","repo","LSE_A15_Crop_Family_Rotation_Map_Ch29.png","841564","1122","1402","2026-09-19T21:22:29Z","C2C9857EF85E477506D2B451C0C41883586852B1AA75F7AA4DC424E7A2A97396","1011110001000110110100110101001100110001001000010110001000100000","","","no",""
"C:\Users\dstor\lse-repo\assets\lse_figures\LSE_A17_Hoop_House_Season_Extension_Setup_Ch36.jpg","repo","LSE_A17_Hoop_House_Season_Extension_Setup_Ch36.jpg","691752","1024","1536","2026-09-19T21:22:29Z","00E8311E9ACF94FE024F5CA2E8481131F92462C8603876C6B9B0444D757C8286","1101001101010101000110101011000001100010011001010010000010000110","","","no",""
"C:\Users\dstor\lse-repo\assets\lse_figures\LSE_A18_IPM_Pyramid_Scouting_Ch39.jpg","repo","LSE_A18_IPM_Pyramid_Scouting_Ch39.jpg","574745","1122","1402","2026-09-19T21:22:29Z","A7E07F16E0655C80E1115249D660AD50ED5F4B9995AA280A750EA4317480802D","1010111101100111011001101011010010100111001001001101011001100111","","","no",""
"C:\Users\dstor\lse-repo\assets\lse_figures\LSE_A20_Soil_Microscopy_Workflow_Ch44.png","repo","LSE_A20_Soil_Microscopy_Workflow_Ch44.png","812951","1122","1402","2026-09-19T21:22:29Z","C471CD5B76D77BDEF9813F42C3F25D0EFCFDC8024A7FF5D4005C0B27C245C582","0110100011000101000011010100110100101010000111000000110000110000","","","no",""
"C:\Users\dstor\lse-repo\assets\lse_figures\LSE_B02_Predator_Driven_Nitrogen_Mineralization_Loop_Ch05.jpg","repo","LSE_B02_Predator_Driven_Nitrogen_Mineralization_Loop_Ch05.jpg","523012","1254","1254","2026-09-19T21:22:29Z","46FC396ADA1AA4AF6C440B048157582423FA9D6A263D963782E0D17C5B4E2ECC","1101111000010100000101000001010000110011111010001010100100010101","","","no",""
"C:\Users\dstor\lse-repo\assets\lse_figures\LSE_B03_Nematode_Mouthpart_Comparison_Ch05_44.png","repo","LSE_B03_Nematode_Mouthpart_Comparison_Ch05_44.png","808136","1122","1402","2026-09-19T21:22:29Z","1423BB5B5EF96233C370FD72BC986E3823C610A8F05EFA5EC50794C2B4D9C08C","0010101101101010001010100010001010101010000011110100011001101101","","","no",""
"C:\Users\dstor\lse-repo\assets\lse_figures\LSE_B05_Mycorrhizal_Inoculation_Failure_Modes_Ch06_17.jpg","repo","LSE_B05_Mycorrhizal_Inoculation_Failure_Modes_Ch06_17.jpg","606834","1149","1369","2026-09-19T21:22:30Z","7E83323D00641494B740ADB0C02CE9EBE04707BE58F4FDD8F399E328697845AF","1011000101000001011010101010011000010100101000010011001000001100","","","no",""
"C:\Users\dstor\lse-repo\assets\lse_figures\LSE_B06_Fungal_Bacterial_Succession_Strip_Ch07.jpg","repo","LSE_B06_Fungal_Bacterial_Succession_Strip_Ch07.jpg","698077","1536","1024","2026-09-19T21:22:30Z","C65FF8EDCC72CED7343B3DC00E5E0E973FC1CDD9148E11486DE4736E33BD4C9D","1101010001010111110010100010101110100101001000111011010101001001","","","no",""
"C:\Users\dstor\lse-repo\assets\lse_figures\LSE_B07_Five_Soil_Health_Principles_Wheel_Ch08.jpg","repo","LSE_B07_Five_Soil_Health_Principles_Wheel_Ch08.jpg","666212","1254","1254","2026-09-19T21:22:30Z","836B9CC3126B609105705623CF06EA949AE3D134A82833CAB92B7DECD595CCF9","1000110011010100110101100101100100101010101010101111100101010101","","","no",""
"C:\Users\dstor\lse-repo\assets\lse_figures\LSE_B08_Thermal_Compost_Process_Ch09_Ch13.jpg","repo","LSE_B08_Thermal_Compost_Process_Ch09_Ch13.jpg","634130","1149","1369","2026-09-19T21:22:30Z","EAD1A48152682B68BA2FAB64D013D13C5A33F6B488C428D4E5819BCEB8597E60","1010111000111100111010110001101010111010010100100101110010000100","","","no",""
"C:\Users\dstor\lse-repo\assets\lse_figures\LSE_B09_Compost_Extract_vs_AACT_Ch09_19.jpg","repo","LSE_B09_Compost_Extract_vs_AACT_Ch09_19.jpg","466452","1149","1369","2026-09-19T21:22:30Z","F763D9F49DFCD25209D549AAE7B39A94D45A6AF58AC372A447E4F84FA564069C","0101000111001100010011001100110101101101000111001000110010101010","","","no",""
"C:\Users\dstor\lse-repo\assets\lse_figures\LSE_B10_Coots_Mix_1_1_1_Triangle_Ch10_23.jpg","repo","LSE_B10_Coots_Mix_1_1_1_Triangle_Ch10_23.jpg","545456","1254","1254","2026-09-19T21:22:30Z","B599BA2876FC2AD25F57F0EF2746C42D3EE315A67CCC22DDA822C5DBD216997B","0100110010010110001000010010100101010100011010100001110100100110","","","no",""
"C:\Users\dstor\lse-repo\assets\lse_figures\LSE_B11_Plant_Health_Pyramid_Evidence_Boundary_Ch11_Ch41.jpg","repo","LSE_B11_Plant_Health_Pyramid_Evidence_Boundary_Ch11_Ch41.jpg","619528","1122","1402","2026-09-19T21:22:30Z","4028CA014D50EB539BB905441F55EDF02040C8B8C87A39C2873876EF60D79E09","0010111010100100001100111001101001011010010111001001011001100001","","","no",""
"C:\Users\dstor\lse-repo\assets\lse_figures\LSE_B12_KNF_IMO_1_4_Workflow_Ch12_Ch19.png","repo","LSE_B12_KNF_IMO_1_4_Workflow_Ch12_Ch19.png","843826","1122","1402","2026-09-19T21:22:30Z","08DE6E75A2392D5FAC29601044EE34FA5A2A2ABF23B81F9E2EA54324DE0B0375","1010100001001110101010100100101101001000101010100110101011100110","","","no",""
"C:\Users\dstor\lse-repo\assets\lse_figures\LSE_B13_JADAM_Safety_Plate_Ch12_19_41.jpg","repo","LSE_B13_JADAM_Safety_Plate_Ch12_19_41.jpg","556684","1149","1369","2026-09-19T21:22:31Z","4E57A8100919FFD65CCB2962692DE60D0FC2AA6DC303EDEF64D1D69FF00ED685","0101001101101101011001111010011000111001000010100011001101001010","","","no",""
"C:\Users\dstor\lse-repo\assets\lse_figures\LSE_B15_Lime_Gypsum_Sulfur_Decision_Tree_Ch14.png","repo","LSE_B15_Lime_Gypsum_Sulfur_Decision_Tree_Ch14.png","697552","1199","1312","2026-09-19T21:22:31Z","EBFAAF7F58281FCF8DEAA51B47833810D99D05A3A9668301DED16B2EE0A1E647","1010101010100010100000001010101001101010101000100010000000001000","","","no",""
"C:\Users\dstor\lse-repo\assets\lse_figures\LSE_B16_Trace_Element_Deficiency_vs_Toxicity_Ch14.jpg","repo","LSE_B16_Trace_Element_Deficiency_vs_Toxicity_Ch14.jpg","582980","1402","1122","2026-09-19T21:22:31Z","2F87EF1838E7C9E396DB4A0B267BC9C1FC4D6302ABE25975274EEEB039496B06","0010011110100110011101010011010111110000011100010010010100010111","","","no",""
"C:\Users\dstor\lse-repo\assets\lse_figures\LSE_B17_Microbial_Inoculant_Viability_Root_Contact_Ch17.jpg","repo","LSE_B17_Microbial_Inoculant_Viability_Root_Contact_Ch17.jpg","588539","1199","1312","2026-09-19T21:22:31Z","05821BBFCA88F9CE07895C6BE27F9BC87D34DCC9F277FCC276261B0EB837EE4E","0001101010011000011011111101011100110010101000101011010000001010","","","no",""
"C:\Users\dstor\lse-repo\assets\lse_figures\LSE_B18_Raw_vs_Charged_Biochar_Ch18.jpg","repo","LSE_B18_Raw_vs_Charged_Biochar_Ch18.jpg","592688","1197","1315","2026-09-19T21:22:31Z","A89141D0432F90776CE154900271D15D0F74566D7B1EA12592824E9DBAB29F07","1011101010001100110110011001010010010101110011100010001000101101","","","no",""
"C:\Users\dstor\lse-repo\assets\lse_figures\LSE_B21_Soil_Recipe_Matrix_By_Crop_Type_Ch23.png","repo","LSE_B21_Soil_Recipe_Matrix_By_Crop_Type_Ch23.png","621064","1536","1024","2026-09-19T21:22:31Z","F091F64DEC9A195E46770C4826518C00E01A524279430AC5CFD2EF5BAE76E23A","1010011010010110000100010101000101100101010100010010100111000101","","","no",""
"C:\Users\dstor\lse-repo\assets\lse_figures\LSE_B22_Top_Dress_Layer_Cake_Ch24.jpg","repo","LSE_B22_Top_Dress_Layer_Cake_Ch24.jpg","695896","1195","1316","2026-09-19T21:22:31Z","093CD7327CE7322FFDF2C7A4F2ECE99A02CA5A559171E0991B0403A1DF2347F0","0110101111010100110100001101100000110101101110100011001010011010","","","no",""
"C:\Users\dstor\lse-repo\assets\lse_figures\LSE_B23_Cover_Crop_Selector_North_Texas_Ch25.png","repo","LSE_B23_Cover_Crop_Selector_North_Texas_Ch25.png","778660","1402","1122","2026-09-19T21:22:32Z","C3120F086A3F734EEA9419D10CC274B60097271C35D37D635D7EED8670D5DAB5","0010101100110110011001111110001101000110010101111000110100010101","","","no",""
"C:\Users\dstor\lse-repo\assets\lse_figures\LSE_B24_Companion_Planting_Mechanism_vs_Folklore_Ch26.jpg","repo","LSE_B24_Companion_Planting_Mechanism_vs_Folklore_Ch26.jpg","629399","1024","1536","2026-09-19T21:22:32Z","8E44CC9F7A28B25AE3747A8DEE07EDE2D1BFA9596B5CC754F7C0A9A1AC55789E","0100101110011001110010110101011011010100101010100010100001000001","","","no",""
"C:\Users\dstor\lse-repo\assets\lse_figures\LSE_B25_Seven_Layer_Guild_Design_Texas_Peach_Ch27.jpg","repo","LSE_B25_Seven_Layer_Guild_Design_Texas_Peach_Ch27.jpg","716478","1149","1369","2026-09-19T21:22:32Z","45E07060B03DA5EAA27BBCD6767B1F8B461C5BF6A48C4AA3A7A89C05F976A99B","0101100101101000011100000110010010100001011001000100010100000000","","","no",""
"C:\Users\dstor\lse-repo\assets\lse_figures\LSE_B26_Flower_Architecture_For_Beneficial_Insects_Ch28_40.jpg","repo","LSE_B26_Flower_Architecture_For_Beneficial_Insects_Ch28_40.jpg","613347","1198","1313","2026-09-19T21:22:32Z","4BE29EADC05D876E28E86D62CDCC30179DC615DA14C7BF43277CE10508B4C9F1","0001001001101101010010100100101011011010000010101100111000110010","","","no",""
"C:\Users\dstor\lse-repo\assets\lse_figures\LSE_B28_North_Texas_Bed_Pivot_Calendar_Ch25_Ch29_Ch30.png","repo","LSE_B28_North_Texas_Bed_Pivot_Calendar_Ch25_Ch29_Ch30.png","831050","1536","1024","2026-09-19T21:22:32Z","E0E9140038F3080DDAE3FE245FC1C52CE5BC488D8BECB575F7E4F242C236FE16","0100101000010110000011011101010110101101110101001001000100100101","D7","N3","no",""
"C:\Users\dstor\lse-repo\assets\lse_figures\LSE_B29_Herb_Grouping_Matrix_Ch31.png","repo","LSE_B29_Herb_Grouping_Matrix_Ch31.png","665949","1402","1122","2026-09-19T21:22:32Z","0504844A1BEC44D585DFE9C220988E42B0B55D1B0DB5E5D1BDA62E40A0D58468","0100110000000000110010000010010011101010110010001100001000000000","","","no",""
"C:\Users\dstor\lse-repo\assets\lse_figures\LSE_B30_Irrigation_Systems_Compared_Ch34.jpg","repo","LSE_B30_Irrigation_Systems_Compared_Ch34.jpg","643096","1536","1024","2026-09-19T21:22:32Z","5E859449D19F2CCDB749762733BFDA751B369FD8D532274AD426597C17385CB0","0011110000011101101110100100101000100001010110101101011101010111","","","no",""
"C:\Users\dstor\lse-repo\assets\lse_figures\LSE_B32_Tool_Sanitation_Workflow_Ch38_49.png","repo","LSE_B32_Tool_Sanitation_Workflow_Ch38_49.png","805508","1195","1316","2026-09-19T21:22:33Z","63D30631F5AE00DB55147A7D5DBDCCF4C4F65FD200EFCB447A17CAB2BD7F7E68","1010100001000101101001100100100101001101000101100010110010010110","","","no",""
"C:\Users\dstor\lse-repo\assets\lse_figures\LSE_B33_Beneficial_Insect_Lifecycle_Plate_Ch40.jpg","repo","LSE_B33_Beneficial_Insect_Lifecycle_Plate_Ch40.jpg","638394","1536","1024","2026-09-19T21:22:33Z","B65FD3626969985CA32F25343491460388373D68A0CFC814C8A7A0EFFE7AC2B5","1100101001011101010011100001110001001010010101100100101011010101","","","no",""
"C:\Users\dstor\lse-repo\assets\lse_figures\LSE_B36_Yellowing_Leaves_Decision_Tree_AppB.png","repo","LSE_B36_Yellowing_Leaves_Decision_Tree_AppB.png","955327","1024","1536","2026-09-19T21:22:33Z","1602B5BB6878547AB2CD55A33E5855246B40B0762DACE4172EF25B23314EB331","1010100011010000110101001110101011010100001100010100100000010010","D1","N4","no",""
"C:\Users\dstor\lse-repo\assets\lse_figures\LSE_C01_Annual_Soil_Building_Calendar_Ch49_AppC.png","repo","LSE_C01_Annual_Soil_Building_Calendar_Ch49_AppC.png","779262","1536","1024","2026-09-19T21:22:33Z","5127E9B93760A1C565A51D23249009D54767B5E31B3ACA2CFE7E1D4359F81BA1","1011100110010110100110010011010001010110000101101100110011101011","","","no",""
"C:\Users\dstor\lse-repo\assets\lse_figures\LSE_C02_Seed_Starting_Hardening_Off_Workflow_Ch49.png","repo","LSE_C02_Seed_Starting_Hardening_Off_Workflow_Ch49.png","740277","1536","1024","2026-09-19T21:22:33Z","03BCB0A683E4A056597D01FE87171C82F264F09F496641FE0F045DF4DD8A9E5B","0110010100110011001110010001100110010011001010100010010000000000","","","no",""
"C:\Users\dstor\lse-repo\assets\lse_figures\LSE_C03_Daily_Weekly_Scouting_Route_Ch39_Ch49.jpg","repo","LSE_C03_Daily_Weekly_Scouting_Route_Ch39_Ch49.jpg","730719","1536","1024","2026-09-19T21:22:33Z","B1883188004EE2448CF7A22AE716C8F3D1380548358EF9A7E8BD8BB7C25D4D87","0110001011101100110010011101000110100101101011010100110100100100","D4","N5","no",""
"C:\Users\dstor\lse-repo\assets\lse_figures\LSE_C05_Irrigation_Maintenance_Checklist_Ch34_35_49.png","repo","LSE_C05_Irrigation_Maintenance_Checklist_Ch34_35_49.png","688826","1024","1536","2026-09-19T21:22:33Z","4B9EC9A365C9CB56230E28E403F4D052A2A63ECC1352FED91652987316231FEE","0101100011101000010110001000100011101011011010100110101001010100","","","no",""
"C:\Users\dstor\lse-repo\assets\lse_figures\LSE_C06_AACT_Brewing_Safety_Workflow_Ch19_Ch49.png","repo","LSE_C06_AACT_Brewing_Safety_Workflow_Ch19_Ch49.png","822230","1024","1536","2026-09-19T21:22:34Z","91EF82F2D229B7F592863F2AC430A7C718872365BE09ACF5D793D5481DDFF659","1101100101010010010000000110100000101010101000111010111110010110","","","no",""
"C:\Users\dstor\lse-repo\assets\lse_figures\LSE_C07_Harvest_Postharvest_Handling_Workflow_Ch49.png","repo","LSE_C07_Harvest_Postharvest_Handling_Workflow_Ch49.png","800979","1536","1024","2026-09-19T21:22:34Z","7A51D7051DEB97C9E0C3130D3FFD456F409B1086D67B135558322AED4EAB0F1E","1000101010001001101010010010010001010110010101101010101001010101","","","no",""
"C:\Users\dstor\lse-repo\assets\lse_figures\LSE_C08_Crop_Planning_Succession_Board_Ch29_49.jpg","repo","LSE_C08_Crop_Planning_Succession_Board_Ch29_49.jpg","563976","1536","1024","2026-09-19T21:22:34Z","7B5C8339C67649FFE51244EC60370D20993C793FB4DAE28AF471642A7BFCD50A","1000100001010001010100011100001001101001001000010010010101001001","","","no",""
"C:\Users\dstor\lse-repo\assets\lse_figures\LSE_C10_Refractometer_Protocol_Card_Ch47.png","repo","LSE_C10_Refractometer_Protocol_Card_Ch47.png","719186","1536","1024","2026-09-19T21:22:34Z","DA2A67BD1B7002EE65813E4DE723D92052AD8193D71163EE1C85F4C7690742A6","0011100100010010110100000101110000100011010001100110100001010010","","","no",""
"C:\Users\dstor\lse-repo\assets\lse_figures\LSE_C12_Soil_Test_Report_Decoder_Ch45.png","repo","LSE_C12_Soil_Test_Report_Decoder_Ch45.png","712089","1536","1024","2026-09-19T21:22:34Z","723D4CB036C8510BB3F46ADCC659D6388DA79AA7346BA6D1C6D91EC3435ACA1D","0001001101101100010010100101101000011011001010100010011000010010","","","no",""
"C:\Users\dstor\lse-repo\assets\lse_figures\LSE_C13_Mobile_vs_Immobile_Nutrient_Symptom_Map_Ch46.png","repo","LSE_C13_Mobile_vs_Immobile_Nutrient_Symptom_Map_Ch46.png","877072","1149","1369","2026-09-19T21:22:34Z","558DE5C54CC0EA5A0BEA05194BE90CEB6FFDD0B8314C1ACF427409DE030D0B20","0011001101001101101110100011010100111001001010000010101011010111","","","no",""
"C:\Users\dstor\lse-repo\assets\lse_figures\LSE_C14_Electroculture_Self_Experiment_Layout_Ch48.jpg","repo","LSE_C14_Electroculture_Self_Experiment_Layout_Ch48.jpg","614865","1122","1402","2026-09-19T21:22:35Z","B66050558F8B4DD200DED903BBE241C356B566184794C5B9C1B34248315CDE9F","0110010101001010011010110010101011001101100101100101011001000100","","","no",""
"C:\Users\dstor\lse-repo\assets\lse_figures\LSE_C16_Herb_Barrel_Setup_Sequence_Ch31.jpg","repo","LSE_C16_Herb_Barrel_Setup_Sequence_Ch31.jpg","615574","1536","1024","2026-09-19T21:22:35Z","B34FE0EC04CECA2DD8CC3A6300B7B9F37DA7885151968FB237CE39ABFB73DA7F","0100110101001110011010000010101001001101010011100101010000010100","","","no",""
"C:\Users\dstor\lse-repo\assets\lse_figures\LSE_C17_Basil_Pruning_Downy_Mildew_Scouting_Ch31_42.jpg","repo","LSE_C17_Basil_Pruning_Downy_Mildew_Scouting_Ch31_42.jpg","474309","1402","1122","2026-09-19T21:22:35Z","E46CCE5A3808BCE6AD6EE342D4A9011025A3A38046D64554F5D05BDD8771BF49","1010010100011100110110111101101101010101101011100100100000100111","","","no",""
"C:\Users\dstor\lse-repo\assets\lse_figures\LSE_C18_Cilantro_Dill_Cool_Season_Succession_Ch31.jpg","repo","LSE_C18_Cilantro_Dill_Cool_Season_Succession_Ch31.jpg","542540","1536","1024","2026-09-19T21:22:35Z","14C5D56D03CF9CF311B5A8F4E940363BE18EB2397B6B86217F9C0D419FC2D585","0101101101011010111001100001001001010100000110110011010010000100","","","no",""
"C:\Users\dstor\lse-repo\assets\lse_figures\LSE_C19_Woody_Herb_Harvest_Limits_Ch31.jpg","repo","LSE_C19_Woody_Herb_Harvest_Limits_Ch31.jpg","567237","1536","1024","2026-09-19T21:22:35Z","E44DD8412BE195F61185F148021801C1F3D5928BED629C29ADAAA564FB071A8E","0011101110110110010101101101010000001110001100001010011000010100","","","no",""
"C:\Users\dstor\lse-repo\assets\lse_figures\LSE_C20_Cover_Crop_Termination_Methods_Small_Beds_Ch25.jpg","repo","LSE_C20_Cover_Crop_Termination_Methods_Small_Beds_Ch25.jpg","697704","1536","1024","2026-09-19T21:22:35Z","D29C6F2A303202623769D47FFBF71C7274943FA71A2A3A994D3735A615C8C078","1010110110101000101101000000111001001010001001000011000001110001","","","no",""
"C:\Users\dstor\lse-repo\assets\lse_figures\LSE_D01_Wilt_Triage_Decision_Tree_Ch42.png","repo","LSE_D01_Wilt_Triage_Decision_Tree_Ch42.png","725677","1122","1402","2026-09-19T21:22:35Z","B000DC2436929C94A59AF4D3E149A58E5EF8EA83A49685FD69E48AC561128009","0100010010100100011011010100100101101101010001001100110000110000","","","no",""
"C:\Users\dstor\lse-repo\assets\lse_figures\LSE_D02_Southern_Blight_vs_White_Mold_Ch42.jpg","repo","LSE_D02_Southern_Blight_vs_White_Mold_Ch42.jpg","611863","1402","1122","2026-09-19T21:22:35Z","46AD140833DD9F2D868B01E18E57464AE8F172BA8D7427C5D81AF8BEE35927B3","1110101010101101101001001001000010110100100010010101100100100000","","","no",""
"C:\Users\dstor\lse-repo\assets\lse_figures\LSE_D03_Damping_Off_Lookalike_Plate_Ch42_49.jpg","repo","LSE_D03_Damping_Off_Lookalike_Plate_Ch42_49.jpg","542581","1402","1122","2026-09-19T21:22:35Z","9CC9036D8D8C2A3D277D26122492A861322E992D6345FD58C0EBEF011742A4D6","1010101101011010011100010110011010101010011010110011011010010110","","","no",""
"C:\Users\dstor\lse-repo\assets\lse_figures\LSE_D04_Root_Knot_Nematode_Diagnosis_Workflow_Ch05_Ch29_Ch42_Ch44.png","repo","LSE_D04_Root_Knot_Nematode_Diagnosis_Workflow_Ch05_Ch29_Ch42_Ch44.png","811214","1536","1024","2026-09-19T21:22:36Z","AA09CBA328F9F057C47670D73F17FE9153127D53695B08EE715F3C9A12791134","1001000010101000001100100001110101100001111001001010111001000000","","","no",""
"C:\Users\dstor\lse-repo\assets\lse_figures\LSE_D05_Herbicide_Drift_Growth_Regulator_Lookalike_Plate_Ch42.jpg","repo","LSE_D05_Herbicide_Drift_Growth_Regulator_Lookalike_Plate_Ch42.jpg","647711","1536","1024","2026-09-19T21:22:36Z","BD621F5E1935670E4CC38D9251DAC9F7E4E387594436431BFAD99FB1D39C3286","1110010001010110001010110100111101010011000110101001001110110110","","","no",""
"C:\Users\dstor\lse-repo\assets\lse_figures\LSE_D13_Squash_Vine_Borer_Scouting_Plate_Ch30_39.jpg","repo","LSE_D13_Squash_Vine_Borer_Scouting_Plate_Ch30_39.jpg","628958","1536","1024","2026-09-19T21:22:36Z","0E2982B1A73536A8C2F7F6F39E2741245A4E11C853FECFF75E78063E8057ABAE","0010100111010101000110010100101001011011010110010110010000100010","","","no",""
"C:\Users\dstor\lse-repo\assets\lse_figures\LSE_D14_Cucumber_Beetle_Bacterial_Wilt_Vector_Diagram_Ch30_Ch39_Ch42.jpg","repo","LSE_D14_Cucumber_Beetle_Bacterial_Wilt_Vector_Diagram_Ch30_Ch39_Ch42.jpg","567370","1536","1024","2026-09-19T21:22:36Z","ECBC1183CFD567472DB680FE2129994DFE3F5FD982ED59E275EE8A0A4B7CA5CE","1010100111011010010100010100101000001010001101010011001000010010","","","no",""
"C:\Users\dstor\lse-repo\assets\lse_figures\LSE_D15_Tomato_Leaf_Spot_Lookalikes_Ch42.jpg","repo","LSE_D15_Tomato_Leaf_Spot_Lookalikes_Ch42.jpg","534637","1536","1024","2026-09-19T21:22:36Z","34E5ED13681960E75B67FAC1DA27148B05CA4FAB143B794C226AE824F80AA077","1110111001010011010100111100101001001010000110000011101001101010","","","no",""
"C:\Users\dstor\lse-repo\assets\lse_figures\LSE_D16_Pepper_Abiotic_Disorders_Herbicide_Lookalikes_Ch42.jpg","repo","LSE_D16_Pepper_Abiotic_Disorders_Herbicide_Lookalikes_Ch42.jpg","662268","1536","1024","2026-09-19T21:22:36Z","7698E0DE446D882FC34F37F26972C6757846CE4DBD88D3322E95D37E7CE45199","1101011010101011010001010101100001001010010010101010001000100110","","","no",""
"C:\Users\dstor\lse-repo\assets\lse_figures\LSE_D17_Okra_Pod_Injury_Hidden_Pest_Damage_Ch30.jpg","repo","LSE_D17_Okra_Pod_Injury_Hidden_Pest_Damage_Ch30.jpg","549455","1536","1024","2026-09-19T21:22:36Z","813FB6D7673E25FF4DC0DA9974F6990ECE7E615ADF4D587E46E75935B983C860","1001010111010101101010101000110101000000101010101001000110010100","","","no",""
"C:\Users\dstor\lse-repo\assets\lse_figures\LSE_D18_Root_Inspection_Nodules_Galls_Root_Disease_Ch05_Ch29_Ch44.jpg","repo","LSE_D18_Root_Inspection_Nodules_Galls_Root_Disease_Ch05_Ch29_Ch44.jpg","602055","1536","1024","2026-09-19T21:22:36Z","61C4FCF3484D0D8E382D9BBD4842A0F588A14F89195256DBB5426335DE15AA94","0110010100010101101011001010010001001001110001100110011001011101","","","no",""
"C:\Users\dstor\lse-repo\assets\lse_figures\LSE_D19_Powdery_Mildew_vs_Downy_Mildew_Ch42.jpg","repo","LSE_D19_Powdery_Mildew_vs_Downy_Mildew_Ch42.jpg","619931","1402","1122","2026-09-19T21:22:37Z","E6A3E9237F6B4D090AB21A3FFBBC0DD9B9F0BA5EFA40BB063F0F2DC34E3EEEAB","1010101010101010001110011001010011010110101001011011101011100101","","","no",""
"C:\Users\dstor\lse-repo\assets\lse_figures\LSE_D20_Basil_Downy_Mildew_vs_Nutrient_Yellowing_Ch31_42.jpg","repo","LSE_D20_Basil_Downy_Mildew_vs_Nutrient_Yellowing_Ch31_42.jpg","544702","1536","1024","2026-09-19T21:22:37Z","E16087EF4C0764E03E0AC3EF541E97AA2A8193874A7C6244AEC26C4BD383A4F6","0010010110101010011100000101110001011010101101000010010010011110","","","no",""
"C:\Users\dstor\lse-repo\assets\lse_figures\LSE_E01_North_Texas_Soil_Failure_Modes_Ch20_Ch21_Ch33.jpg","repo","LSE_E01_North_Texas_Soil_Failure_Modes_Ch20_Ch21_Ch33.jpg","655868","1536","1024","2026-09-19T21:22:37Z","10E7F19C8ECF2033DF702FAF371AFBCD6FF841D57A9565BCAB3A29DD6020E4E8","0101100000010101001001000011010000101101101001000110010111100011","","","no",""
"C:\Users\dstor\lse-repo\assets\lse_figures\LSE_E03_Row_Cover_Low_Tunnel_Timing_Plate_Ch30_36_39.jpg","repo","LSE_E03_Row_Cover_Low_Tunnel_Timing_Plate_Ch30_36_39.jpg","628978","1536","1024","2026-09-19T21:22:37Z","2B7CAF8B78747B57DBAFE394B155E96EB2F023380144C1BDC71E1A95115A0BA0","1101101000111010011101100001010010110100101101100010000100010011","","","no",""
"C:\Users\dstor\lse-repo\assets\lse_figures\LSE_E05_Barrel_Herb_Garden_Cross_Section_Ch31.jpg","repo","LSE_E05_Barrel_Herb_Garden_Cross_Section_Ch31.jpg","548433","1402","1122","2026-09-19T21:22:37Z","4041CF6510215748163F4185C9B64EA0D2CCF4AA3C22C1BF555CAD31A233D03C","0010100101101010011010101110000111010000010000000011010110010111","","","no",""
"C:\Users\dstor\lse-repo\assets\lse_figures\LSE_E06_Container_Drainage_Myth_Rocks_At_The_Bottom_Ch22_Ch31.jpg","repo","LSE_E06_Container_Drainage_Myth_Rocks_At_The_Bottom_Ch22_Ch31.jpg","542192","1402","1122","2026-09-19T21:22:37Z","307D5BD34E1156923014E38B6DEE95AC9610AC6B2FC3D825844571EE1A8AF684","1101001011001101010011010110100001001100000011000001100110010110","","","no",""
"C:\Users\dstor\lse-repo\assets\lse_figures\LSE_E07_Living_Mulch_Insectary_Strip_Boundary_Ch28.jpg","repo","LSE_E07_Living_Mulch_Insectary_Strip_Boundary_Ch28.jpg","712476","1536","1024","2026-09-19T21:22:37Z","A3DE774E18E82C532D928F9C4355CCFC16F707916CF0C7F2A5B270C7402F89F0","1101100011000110110001101100011000110110001001000011000100010100","","","no",""
"C:\Users\dstor\lse-repo\assets\lse_figures\LSE_E09_Cover_Crop_Failure_Modes_Small_Beds_Ch25.jpg","repo","LSE_E09_Cover_Crop_Failure_Modes_Small_Beds_Ch25.jpg","619479","1536","1024","2026-09-19T21:22:37Z","F51F23290902891219BA0B2666F2D59A93E5BD04122A5E5257D08C1D43B6AE3C","1101001001110111001001101000001001010110001001000011100011010110","","","no",""
"C:\Users\dstor\lse-repo\assets\lse_figures\LSE_E10_Pollinator_Safe_Spray_Timing_Ch28_39_41.jpg","repo","LSE_E10_Pollinator_Safe_Spray_Timing_Ch28_39_41.jpg","523654","1536","1024","2026-09-19T21:22:37Z","A6396AA5B3B8AB1B67406FFAC179263F2AD17F0771B7C7A67CDCBFB743345988","1011001000101010001010110000101001010110010101100001010111110101","","","no",""
"C:\Users\dstor\lse-repo\assets\lse_figures\LSE_E11_North_Texas_Insectary_Bloom_Succession_Calendar_Ch28_40.png","repo","LSE_E11_North_Texas_Insectary_Bloom_Succession_Calendar_Ch28_40.png","766527","1536","1024","2026-09-19T21:22:38Z","552B540EFD62F3C377A1AFFB27BAE7B31E82DA9D81D7C8FA66910B80169FEF6C","1110101101000111000110110011101100000010001000010011001000010100","","","no",""
"C:\Users\dstor\lse-repo\assets\lse_figures\LSE_E12_Trap_Crop_Decision_Nasturtium_Aphids_Ch26_Ch28_Ch39.jpg","repo","LSE_E12_Trap_Crop_Decision_Nasturtium_Aphids_Ch26_Ch28_Ch39.jpg","601787","1536","1024","2026-09-19T21:22:38Z","FCF61BE732F4A209672F71E1218F3A4BC33607C4D472B23C4790181C40F28FBE","0101000110101101101010011001101111101011110010100011101000000100","","","no",""
"C:\Users\dstor\lse-repo\assets\lse_figures\LSE_E14_Hoop_House_Spring_Rain_vs_Summer_Heat_Ch36.jpg","repo","LSE_E14_Hoop_House_Spring_Rain_vs_Summer_Heat_Ch36.jpg","603568","1536","1024","2026-09-19T21:22:38Z","52B72DC58DDD8542BF6BBC60476E9BCE4E6602D49579533EC3204BC5E9FA7562","0010101100001000011101000001100011001001100010010101101010010110","","","no",""
"C:\Users\dstor\lse-repo\assets\lse_figures\LSE_E16_Light_Metrics_PPFD_DLI_Concept_Ch37.jpg","repo","LSE_E16_Light_Metrics_PPFD_DLI_Concept_Ch37.jpg","501838","1536","1024","2026-09-19T21:22:38Z","110B210D5D22C239BA41CDB949F7DAF2B709BCC9F439AA1D700569B029F7A624","0000100101000010100010100010001010001011100000111000100100111010","","","no",""
"C:\Users\dstor\lse-repo\assets\user_created_web\UCI_002_Bacterial_vs_Fungal_Soil_Dominance.jpg","repo","UCI_002_Bacterial_vs_Fungal_Soil_Dominance.jpg","702503","1122","1402","2026-09-19T21:22:38Z","ADC21D8A2CFF7D2F8801A110FE3D0F628D1162235246BA6236523F5EA2A1C964","1010100110100110001010101000110110100101001010100110100110101101","","","no",""
"C:\Users\dstor\lse-repo\assets\user_created_web\UCI_003_The_Nutrient_Mineralization_Loop.jpg","repo","UCI_003_The_Nutrient_Mineralization_Loop.jpg","720202","1190","1322","2026-09-19T21:22:38Z","7609C03411E2529B97E8F3352989D2745ADE518C693C2D54F465E146F977615D","0010100000101010010110110000110110101011101010010000100100110101","","","no",""
"C:\Users\dstor\lse-repo\assets\user_created_web\UCI_004_Soil_Nutrient_Availability.jpg","repo","UCI_004_Soil_Nutrient_Availability.jpg","631642","1402","1122","2026-09-19T21:22:38Z","71905EBF12030650B457C79F76EFCF037C007CBA3198BAF1A156BD90C36F22C9","1011101101010000011001000110010101100100011011010110101010100100","","","no",""
"C:\Users\dstor\lse-repo\assets\user_created_web\UCI_005_ISR_and_SAR_The_Plant_Immune_System.jpg","repo","UCI_005_ISR_and_SAR_The_Plant_Immune_System.jpg","692476","1402","1122","2026-09-19T21:22:38Z","B374A4EE7341F86A76E40D16129E8B932510FBB1B58F7BCF86B3F071048821AE","0110101010010010000100100100110001101100010110010110101010001100","","","no",""
"C:\Users\dstor\lse-repo\assets\user_created_web\UCI_006_Permaculture_Zone_Map.png","repo","UCI_006_Permaculture_Zone_Map.png","990727","1254","1254","2026-09-19T21:22:39Z","0B036C367816FCA1EBE3D3969CADA2CC0BF6A780CB2FD5FADCF923A55ABCA37F","1100010110000101001100101010100001001001110100101000000001001110","","","no",""
"C:\Users\dstor\lse-repo\assets\user_created_web\UCI_007_Composite_Method_Reference.png","repo","UCI_007_Composite_Method_Reference.png","807134","1536","1024","2026-09-19T21:22:39Z","F085042226062341EB4345AB1EACA5E9705F82A96A8A14800BF9DAFC4868A326","1000100010000011110001111010011010001010100101101100110010001000","","","no",""
"C:\Users\dstor\lse-repo\assets\user_created_web\UCI_008_Soil_Input_Categories_Overview.jpg","repo","UCI_008_Soil_Input_Categories_Overview.jpg","406315","1448","1086","2026-09-19T21:22:39Z","08714C0033A30E00A7696230DEE9AE22037BBAB80F1738A9EE5E05E24021F63E","0011011010101010101010100101101001101010110101101010010001011001","","","no",""
"C:\Users\dstor\lse-repo\assets\user_created_web\UCI_009_Fungal_Bacterial_Input_Guide.png","repo","UCI_009_Fungal_Bacterial_Input_Guide.png","652483","1536","1024","2026-09-19T21:22:39Z","0DF92027198BCF7CF993FBE3E9BDF6FA8C7B5D2EF08C404CDE22E494543B5984","0010010010100000100101100000111100110100100101100010010011101000","","","no",""
"C:\Users\dstor\lse-repo\assets\user_created_web\UCI_010_Biochar_Charging_Process.jpg","repo","UCI_010_Biochar_Charging_Process.jpg","500308","1448","1086","2026-09-19T21:22:39Z","C1AF5048C6652AC146AC48D39E994668FB0EAEEFBFF31470BA6370B7FD9D09BC","0100100001001010100110011010101011101011101010111001101000101010","","","no",""
"C:\Users\dstor\lse-repo\assets\user_created_web\UCI_011_AACT_Brewing_Setup.jpg","repo","UCI_011_AACT_Brewing_Setup.jpg","445478","1448","1086","2026-09-19T21:22:39Z","C2DBC54D70EFE0923CA8B12956204B07C7D57E1C06F971C0FA134003B4FEBF6A","0100100001010110111001110110001011100101000001000110010000110011","","","no",""
"C:\Users\dstor\lse-repo\assets\user_created_web\UCI_012_Raised_Bed_Cross_Section_Layers_and_Fill_Strategy.jpg","repo","UCI_012_Raised_Bed_Cross_Section_Layers_and_Fill_Strategy.jpg","690806","1536","1024","2026-09-19T21:22:39Z","A3614C1A05EC8359D1DFD757FAC0A4946D3183E6CD3F8F6184EFC90EB5C09713","1001101010100011100101101001010011100111101000101011010011100010","","","no",""
"C:\Users\dstor\lse-repo\assets\user_created_web\UCI_013_Beneficial_Insectary_Bloom_Calendar.png","repo","UCI_013_Beneficial_Insectary_Bloom_Calendar.png","658786","1536","1024","2026-09-19T21:22:40Z","EDE51AFA884EC065C707ED82D673ACC7665B684E57BC6A74A06606B87F3ECA97","1101101001110010000110000000100000011000000110000101110000101111","","","no",""
"C:\Users\dstor\lse-repo\assets\user_created_web\UCI_014_No_Till_Top_Dressing_Cycle.jpg","repo","UCI_014_No_Till_Top_Dressing_Cycle.jpg","511780","1254","1254","2026-09-19T21:22:40Z","797B0AC54569E8ED888D68B99ECE5DC6898940016C4861D27469A75750AD5B1A","0100000011101000111101001101011011010100110101001110001001010000","","","no",""
"C:\Users\dstor\lse-repo\assets\user_created_web\UCI_015_Three_Sisters_Guild.jpg","repo","UCI_015_Three_Sisters_Guild.jpg","591450","1254","1254","2026-09-19T21:22:40Z","41AC49D973CE295A9762FCB43EA4B8E77854E19C3EB208D4BA533D2425F5F323","0101010000110100011100000110100001001010100010010110110010011000","","","no",""
"C:\Users\dstor\lse-repo\assets\user_created_web\UCI_016_Polyculture_Guild_Design.jpg","repo","UCI_016_Polyculture_Guild_Design.jpg","654924","1122","1402","2026-09-19T21:22:40Z","D77DD01D0030003DEA174E5E09AF2ABD55F3415FE19F0EE0EBBED544AD706DCE","0101110101110010011010110101001001100000010101000100100011101100","","","no",""
"C:\Users\dstor\lse-repo\assets\user_created_web\UCI_017_North_Texas_Crop_Calendar.png","repo","UCI_017_North_Texas_Crop_Calendar.png","652400","1536","1024","2026-09-19T21:22:40Z","D57AC4B03642D799976FDC83698F5416ABED584F714F7D17C8FDDEDA1A71DA73","1101001011100000010100000101000001011000000110000110100001001101","","","no",""
"C:\Users\dstor\lse-repo\assets\user_created_web\UCI_018_Comparing_Irrigation_Systems_for_Home_Gardens.jpg","repo","UCI_018_Comparing_Irrigation_Systems_for_Home_Gardens.jpg","555659","1536","1024","2026-09-19T21:22:40Z","CCE8C0CBE86415FF8265CC13DA41C4CB5A1AEF19275BBD82A549307BBD14CFE1","1101100000101011011010110011001001001010010101100000010000010101","","","no",""
"C:\Users\dstor\lse-repo\assets\user_created_web\UCI_020_Common_Dallas_Pest_Identification_Guide.png","repo","UCI_020_Common_Dallas_Pest_Identification_Guide.png","907366","1536","1024","2026-09-19T21:22:40Z","3C6257C7E679AC2786D641A9E4815A5E9FA8E08F7077FAEFB7DE79F8196AD7CA","1000100010101001001010000010101000101001101010010010100101010100","D2","N6","no",""
"C:\Users\dstor\lse-repo\assets\user_created_web\UCI_021_Refractometer_Use_Protocol.png","repo","UCI_021_Refractometer_Use_Protocol.png","838769","1662","946","2026-09-19T21:22:40Z","3D4E3798D563F7C6ACA51BBDCA8B87BE2E6B8ED9D40FFC5532E98E784DE624BC","1101001001011001101010100010110010010110000101110110100110100001","","","no",""
"C:\Users\dstor\lse-repo\assets\user_created_web\UCI_022_Irrigation_Systems_Comparison.png","repo","UCI_022_Irrigation_Systems_Comparison.png","769596","1536","1024","2026-09-19T21:22:41Z","F655029B3CA70E43F259ECEC8D8A745C82F43BE5071213A2CAAF82979CC79BEA","0111100010001100100110111011101001000010101010100010101001001010","","","no",""
"C:\Users\dstor\lse-repo\assets\user_created_web\UCI_023_Soil_Test_Results_How_to_Read_Them.jpg","repo","UCI_023_Soil_Test_Results_How_to_Read_Them.jpg","392989","1536","1024","2026-09-19T21:22:41Z","12247BC03FCDBEF6E127ADECF15AB4C62A1C088C30880B9E6A49B14574065168","1110100010100100100010101101100001001001101101001101100010100000","","","no",""
"C:\Users\dstor\lse-repo\assets\user_created_web\UCI_024_Rainwater_Harvesting_System_Home_Scale.jpg","repo","UCI_024_Rainwater_Harvesting_System_Home_Scale.jpg","522299","1536","1024","2026-09-19T21:22:41Z","6EF6A9EDA1C6982D1D0336A75AFB3A19983C60991682865187EF4D9BFBC8CEC9","1100110001010110100011011110011111110100110001001001110010101100","","","no",""
"C:\Users\dstor\lse-repo\assets\user_created_web\UCI_025_Brix_Monitoring_Chart.png","repo","UCI_025_Brix_Monitoring_Chart.png","670366","1536","1024","2026-09-19T21:22:41Z","D87C185326A47C2A73E25119230A230179A8B6820A72B8E0E874468E53E63996","1100101000001010010011000100110010010110011100101011011000110010","","","no",""
"C:\Users\dstor\lse-repo\assets\user_created_web\UCI_026_Electroculture_Experimental_Protocol_Layout.png","repo","UCI_026_Electroculture_Experimental_Protocol_Layout.png","823101","1536","1024","2026-09-19T21:22:41Z","2BD31F13F456CEBEAEDF3F98EFC66AAECFB836DD735F74032F4A26D94EB03C1A","0100011010101000111010001100100110101000101100100110111001010000","","","no",""
"C:\Users\dstor\lse-repo\assets\user_created_web\UCI_027_Plant_Electrophysiology_Electrical_Signaling_Pathways.jpg","repo","UCI_027_Plant_Electrophysiology_Electrical_Signaling_Pathways.jpg","544618","1149","1369","2026-09-19T21:22:41Z","2B98173ACF36AB47A3BF5E01195F8A2D9247B91D2A464E47C1DAE0428E07DC8D","1000101001000010100011101001001011001001100110111000100011110100","","","no",""
"C:\Users\dstor\lse-repo\assets\user_created_web\UCI_028_Seasonal_Planting_Calendar.png","repo","UCI_028_Seasonal_Planting_Calendar.png","676788","1536","1024","2026-09-19T21:22:41Z","B2D31C5A971110DE2FDB48AA6E500155FB308BC53A1C9A6B4C5728BE9820295E","0101010011011011011000001010110101010011011000000101001100010100","","","no",""
"C:\Users\dstor\lse-repo\assets\user_created_web\UCI_029_Troubleshooting_Decision_Tree_Yellowing_Leaves.png","repo","UCI_029_Troubleshooting_Decision_Tree_Yellowing_Leaves.png","647933","1536","1024","2026-09-19T21:22:42Z","D9E5D9F55D02BF2B57B430F343DBC16AFE82ABBF6A3C40DA6F43FD23641E15CA","0010000100111000100101010000000001010101110010010101011000101000","","","no",""
"C:\Users\dstor\lse-repo\assets\user_created_web\UCI_030_Conversion_and_Dilution_Reference_Chart.png","repo","UCI_030_Conversion_and_Dilution_Reference_Chart.png","678613","1024","1536","2026-09-19T21:22:42Z","EDEE96EFF49B59C41AED2CB8E46C1F1EB9131605ADE8C085E96F7D1812B9F54D","0100101000100110010101001001001010110110001111010001100001101001","","","no",""
"C:\Users\dstor\lse-repo\assets\user_created_web\UCI_031_Home_Brew_Feed_Quick_Reference_Card.png","repo","UCI_031_Home_Brew_Feed_Quick_Reference_Card.png","753054","1024","1536","2026-09-19T21:22:42Z","9D02E5962C74AABE15A18D1BC6E3F8234379D99C102E4589E1BE7CF4E9737906","0110000101010010011000101010101001000001010010100010101001011011","","","no",""
"C:\Users\dstor\Downloads\Blueprint equipment placement Sandbox.png","Downloads","Blueprint equipment placement Sandbox.png","162668","1622","990","2026-01-08T23:02:25Z","5066B84A5C8A00E991956D3AECC1C988FAB72EC12A853C308DFC490DAA58664A","0000000000000000011000000100000001010000000000000000000000000000","","","no",""
"C:\Users\dstor\Downloads\Rosin Lab Equipment placement blueprint.png","Downloads","Rosin Lab Equipment placement blueprint.png","24986","451","324","2026-02-25T20:17:41Z","65F704F768CB4ADB490AFBFDC642C1A379BED5BAF1E274DE9E9CD3AC66055846","0100001001000010010000100100001001001010010010100100101001000010","","","no",""
"C:\Users\dstor\Downloads\LSE_Book2_Batch24_WiltCrownRootDiseaseAtlas_Labeled_ImageFolder\B24_10_WiltTriage_DecisionTree_GENERATED.png","Downloads","B24_10_WiltTriage_DecisionTree_GENERATED.png","100521","1800","1200","2026-05-28T00:12:51Z","D29F19D7EFBBB594CE1514FB2D8F3776CC52AAE3E843DAAC689AC9CA8C50F82D","0000000010101010000000001010101000000000000000011010100100000000","","","no",""
"C:\Users\dstor\Downloads\LSE_Book2_Batch24_WiltCrownRootDiseaseAtlas_Labeled_ImageFolder\B24_11_StemSplit_OozeTestComparison_GENERATED.png","Downloads","B24_11_StemSplit_OozeTestComparison_GENERATED.png","69993","1800","1200","2026-05-28T00:12:51Z","45C3E98B7328A9BCEE116A5CEECCD1458CC3C8F2EEC20472F76316337395085C","0000000000001001100100100001001000000010001000100000000000000000","","","no",""
"C:\Users\dstor\Downloads\LSE_Book2_Batch24_WiltCrownRootDiseaseAtlas_Labeled_ImageFolder\B24_12_CrownDisease_ComparisonPlate_GENERATED.png","Downloads","B24_12_CrownDisease_ComparisonPlate_GENERATED.png","93124","1800","1200","2026-05-28T00:12:51Z","E8B47B75B30016B30F199094074E92A83A1B937A2A6902928BE3CE138FCD762F","0000000000001000010010001000110010001001000010010000100100000000","","","no",""
"C:\Users\dstor\Downloads\LSE_Book2_Batch24_WiltCrownRootDiseaseAtlas_Labeled_ImageFolder\B24_13_SeedlingCollapse_LookalikePlate_GENERATED.png","Downloads","B24_13_SeedlingCollapse_LookalikePlate_GENERATED.png","109467","1800","1200","2026-05-28T00:12:51Z","0E70CBE758D4DFB602D43BF135CCCC4445C783F0B783D79778AA3B860611AB53","0000000000110110100101000000010000100000001001000000000000000000","","","no",""
"C:\Users\dstor\Downloads\LSE_Book2_Batch24_WiltCrownRootDiseaseAtlas_Labeled_ImageFolder\B24_14_SoilborneDisease_SanitationWorkflow_GENERATED.png","Downloads","B24_14_SoilborneDisease_SanitationWorkflow_GENERATED.png","92513","1800","1200","2026-05-28T00:12:51Z","3BA0F94C101633CB419ACCAE8190BC34E3066A77420051699A5DC40E99C8110C","0000000010000000000001000000000010000000100000000000000100000000","","","no",""
"C:\Users\dstor\Downloads\LSE_Book2_Batch24_WiltCrownRootDiseaseAtlas_Labeled_ImageFolder\B24_15_NorthTexas_RiskWindows_GENERATED.png","Downloads","B24_15_NorthTexas_RiskWindows_GENERATED.png","79910","1800","1200","2026-05-28T00:12:51Z","046EC73E2B9E492B24BF446A5E9CD0B52FB5821D7D61AD9B87DACEC08208B0A6","0000000011010010100101000101000010000100000000001110000100000000","","","no",""
"C:\Users\dstor\Downloads\LSE_Book2_Batch24_WiltCrownRootDiseaseAtlas_Labeled_ImageFolder\B24_16_RootSymptom_Triage_GENERATED.png","Downloads","B24_16_RootSymptom_Triage_GENERATED.png","99528","1800","1200","2026-05-28T00:12:51Z","F37C1C3222FA325F3B7E80DF826BD32E4D65B90D5E8C1ADB1B7801A8E3E9F158","0010000000001010101010100000100001001100100010000000100000000000","","","no",""
"C:\Users\dstor\Downloads\LSE_Book2_Batch24_WiltCrownRootDiseaseAtlas_Labeled_ImageFolder\B24_17_BlacklandClay_DrainageDiseaseRisk_CrossSection_GENERATED.png","Downloads","B24_17_BlacklandClay_DrainageDiseaseRisk_CrossSection_GENERATED.png","67343","1800","1200","2026-05-28T00:12:51Z","AFD53F54562A3BCEF464A236F5C97D683DB075A4B2E78E9D9047CCCCDE573067","0001000010001000000101011101010010001100100010001100010000000000","","","no",""
"C:\Users\dstor\Downloads\LSE_Book2_Batch24_WiltCrownRootDiseaseAtlas_Labeled_ImageFolder\contact_sheet.jpg","Downloads","contact_sheet.jpg","689821","1640","1959","2026-05-28T00:12:51Z","3A027EA66204983F955163D630E1432C258FE07FECDB9B2CE63D12E26BB91E29","0110101100101010101010010000110110001010001010100000000000000000","","","no",""
