"file","catalog","old","new","occurrences"
"LSE_BOOK_2_INPUTS_AND_AMENDMENTS_WORKING.html","LSE-163","M2-3: Mycorrhizal Inoculation at Transplant","LSE-163 — M2-3: Mycorrhizal Inoculation at Transplant","2"
"LSE_BOOK_2_INPUTS_AND_AMENDMENTS_WORKING.html","LSE-161","M2-1: AACT Brewing Protocol","LSE-161 — M2-1: AACT Brewing Protocol","2"
"LSE_BOOK_3_CROPS_AND_GUILDS_WORKING.html","LSE-232","LSE-232 — SOP — Seed Starting and Transplanting","LSE-232 — Seed Starting and Transplanting SOP","2"
"LSE_BOOK_4_PLANT_HEALTH_AND_DEFENSE_WORKING.html","LSE-162","M2-2: Foliar Spray Application SOP","LSE-162 — M2-2: Foliar Spray Application SOP","2"
"LSE_BOOK_5_FIELD_COMPANION_WORKING.html","LSE-163","M2-3: Mycorrhizal Inoculation at Transplant","LSE-163 — M2-3: Mycorrhizal Inoculation at Transplant","2"
"LSE_BOOK_5_FIELD_COMPANION_WORKING.html","LSE-161","M2-1: AACT Brewing Protocol","LSE-161 — M2-1: AACT Brewing Protocol","2"
"LSE_BOOK_5_FIELD_COMPANION_WORKING.html","LSE-162","M2-2: Foliar Spray Application SOP","LSE-162 — M2-2: Foliar Spray Application SOP","2"
"LSE_INTERNAL_PRODUCTION_HOLD.html","LSE-163","M2-3: Mycorrhizal Inoculation at Transplant","LSE-163 — M2-3: Mycorrhizal Inoculation at Transplant","2"
"LSE_INTERNAL_PRODUCTION_HOLD.html","LSE-161","M2-1: AACT Brewing Protocol","LSE-161 — M2-1: AACT Brewing Protocol","2"
"LSE_INTERNAL_PRODUCTION_HOLD.html","LSE-162","M2-2: Foliar Spray Application SOP","LSE-162 — M2-2: Foliar Spray Application SOP","2"
