Image ID,Manifest file name,Original filename searched,Current manifest status,Priority,Source found? Yes / No / Partial,Original source page URL,Repository / hosting site,"Direct image file URL, if available","Secondary mirror URL, if relevant",Creator / photographer,Rights holder / source organization,Catalog ID / image ID,Image title on source page,Subject ID on source page,Crop / organism / disease / disorder identified by source,ID confidence: High / Medium / Low / VERIFY,License name,License version,License URL,Commercial use allowed? Yes / No / VERIFY,Modification/cropping allowed? Yes / No / VERIFY,Attribution required? Yes / No / VERIFY,Exact attribution text to use,Credit line draft,Special restrictions,ShareAlike/GFDL/NC/ND risk,Contains identifiable person? Yes / No,Contains watermark/catalog ID? Yes / No,Production recommendation: Use candidate / Hold / Reject / Replace,Reason for recommendation,Evidence note: quote or summarize source rights statement,Search terms tried,Verification still needed,Replacement candidate needed? Yes / No,Notes
B25_01,B25_01_Tomato_EarlyBlight_TargetLesions_CC-BY-3.0_Clemson-USDAExt.jpg,B25_01_Tomato_EarlyBlight_TargetLesions_CC-BY-3.0_Clemson-USDAExt.jpg,Use,High,Yes,https://www.insectimages.org/browse/detail.cfm?imgnum=1233052,Insect Images / Bugwood Network; Wikimedia Commons mirror,https://commons.wikimedia.org/wiki/Special:Redirect/file/Alternaria_solani_-_leaf_lesions.jpg,https://commons.wikimedia.org/wiki/File:Alternaria_solani_-_leaf_lesions.jpg,Clemson University - USDA Cooperative Extension Slide Series,Insect Images / Bugwood Network / University of Georgia / USDA Forest Service,1233052,Alternaria solani - leaf lesions.jpg,Alternaria solani,Tomato leaf showing typical target-shaped lesions of Alternaria solani / early blight,High,Creative Commons Attribution 3.0 United States,3.0 US,https://creativecommons.org/licenses/by/3.0/us/deed.en,Yes,Yes,Yes,"Clemson University - USDA Cooperative Extension Slide Series, Bugwood.org / InsectImages.org, CC BY 3.0 US. Changes, if any, noted.","Clemson University - USDA Cooperative Extension Slide Series, Bugwood.org / InsectImages.org, CC BY 3.0 US, via Wikimedia Commons.","Give appropriate credit, link license, indicate changes; do not imply endorsement.",None identified; attribution required.,No,No,Use candidate,"Source, creator, Bugwood catalog ID, license, commercial use, modification rights, and attribution are verified from source/mirror record.","Source page states Creative Commons Attribution license and says share/remix are permitted with attribution, license link, and change notice. Commons states this file was originally posted as Image Number 1233052 at Insect Images and was reviewed under the stated license.",B25_01 Tomato EarlyBlight Target Lesions Clemson USDAExt; Alternaria solani leaf lesions; InsectImages 1233052; Clemson USDA Cooperative Extension Slide Series early blight target lesions Bugwood,None for rights; final plant-pathology caption review before publication.,No,Use in tomato early blight comparison or disease atlas.
B25_02,B25_02_Tomato_SeptoriaLeafSpot_CC0_Wolan268_CONDITIONAL.jpg,B25_02_Tomato_SeptoriaLeafSpot_CC0_Wolan268_CONDITIONAL.jpg,Hold,High,Yes,https://commons.wikimedia.org/wiki/File:Tomato_septoria_leaf_spot_3006.jpg,Wikimedia Commons,https://commons.wikimedia.org/wiki/Special:Redirect/file/Tomato_septoria_leaf_spot_3006.jpg,,Wolan268,Wolan268 / Wikimedia Commons,Tomato_septoria_leaf_spot_3006.jpg,Tomato septoria leaf spot 3006.jpg,Septoria leaf spot fungus on tomato leaves,Tomato leaves with Septoria leaf spot fungus,Medium,Creative Commons CC0 1.0 Universal Public Domain Dedication,1.0,https://creativecommons.org/publicdomain/zero/1.0/deed.en,Yes,Yes,No,"No attribution required by CC0; recommended credit: Wolan268, CC0, via Wikimedia Commons.","Wolan268, CC0, via Wikimedia Commons.",No copyright attribution requirement under CC0; source credit recommended for traceability.,None.,No,No,Use candidate,"Rights are clean under CC0, but disease ID is based on self-published Commons source rather than extension/Bugwood record; use after pathology-caption review.","Source page states CC0/public-domain dedication and says the work may be copied, modified, distributed, and used commercially without asking permission.",B25_02 Tomato Septoria Leaf Spot CC0 Wolan268; Tomato septoria leaf spot 3006; Wolan268 Septoria leaf spot Commons,Pathology ID/caption review; source is self-published own work.,No,Rights-clean; confidence medium due self-published disease ID.
B25_03,B25_03_Tomato_LateBlight_FoliarLesions_CC0_ScotNelson.jpg,B25_03_Tomato_LateBlight_FoliarLesions_CC0_ScotNelson.jpg,Use,High,Yes,https://commons.wikimedia.org/wiki/File:Late_blight_of_tomato_caused_by_Phytophthora_infestans_(5815188381).jpg,Wikimedia Commons / Flickr,https://commons.wikimedia.org/wiki/Special:Redirect/file/Late_blight_of_tomato_caused_by_Phytophthora_infestans_(5815188381).jpg,https://www.flickr.com/photos/scotnelson/5815188381/,Scot Nelson,Scot Nelson / Wikimedia Commons VRT,Flickr 5815188381,Late blight of tomato caused by Phytophthora infestans (5815188381).jpg,Phytophthora infestans,Late blight of tomato caused by Phytophthora infestans,High,Creative Commons CC0 1.0 Universal Public Domain Dedication,1.0,https://creativecommons.org/publicdomain/zero/1.0/deed.en,Yes,Yes,No,"No attribution required by CC0; recommended credit: Scot Nelson, CC0, via Wikimedia Commons/Flickr.","Scot Nelson, CC0, via Wikimedia Commons/Flickr.",No copyright attribution requirement under CC0; source credit recommended for traceability.,None.,No,No,Use candidate,"VRT-backed CC0 source page identifies creator, source, disease, and commercial/modification rights.","Source page states CC0/public-domain dedication and says the work may be copied, modified, distributed, and used commercially without asking permission. Commons also states Scot Nelson released Flickr photostream content under CC0 through VRT.",B25_03 Tomato Late Blight Scot Nelson; Phytophthora infestans 5815188381; Scot Nelson late blight tomato CC0,None for rights; final caption review.,No,Strong rights-cleared late-blight candidate.
B25_04,B25_04_Tomato_LateBlight_FruitRot_CC0_ScotNelson.jpg,B25_04_Tomato_LateBlight_FruitRot_CC0_ScotNelson.jpg,Use,High,Yes,https://commons.wikimedia.org/wiki/File:Tomato_late_blight_fruit_rot_(5816739820).jpg,Wikimedia Commons / Flickr,https://commons.wikimedia.org/wiki/Special:Redirect/file/Tomato_late_blight_fruit_rot_(5816739820).jpg,https://www.flickr.com/photos/scotnelson/5816739820/,Scot Nelson,Scot Nelson / Wikimedia Commons VRT,Flickr 5816739820,Tomato late blight fruit rot (5816739820).jpg,Phytophthora infestans,Late blight fruit rot on tomato caused by Phytophthora infestans,High,Creative Commons CC0 1.0 Universal Public Domain Dedication,1.0,https://creativecommons.org/publicdomain/zero/1.0/deed.en,Yes,Yes,No,"No attribution required by CC0; recommended credit: Scot Nelson, CC0, via Wikimedia Commons/Flickr.","Scot Nelson, CC0, via Wikimedia Commons/Flickr.",No copyright attribution requirement under CC0; source credit recommended for traceability.,None.,No,No,Use candidate,"VRT-backed CC0 source page identifies creator, source, disease, and commercial/modification rights.","Source page states CC0/public-domain dedication and says the work may be copied, modified, distributed, and used commercially without asking permission. Commons also states Scot Nelson released Flickr photostream content under CC0 through VRT.",B25_04 Tomato late blight fruit rot Scot Nelson; tomato late blight fruit rot 5816739820,None for rights; final caption review.,No,Fruit symptom counterpart to B25_03.
B25_05,B25_05_Pepper_BacterialLeafSpot_Xanthomonas_CC0_ScotNelson.jpg,B25_05_Pepper_BacterialLeafSpot_Xanthomonas_CC0_ScotNelson.jpg,Use,High,Partial,https://commons.wikimedia.org/wiki/File:Bacterial_leaf_spot_of_pepper_(14954536360).jpg,Wikimedia Commons / Flickr,https://commons.wikimedia.org/wiki/Special:Redirect/file/Bacterial_leaf_spot_of_pepper_(14954536360).jpg,https://www.flickr.com/photos/scotnelson/14954536360/,Chelsea Hardin listed in description; Scot Nelson listed as author/uploader,Scot Nelson / Wikimedia Commons VRT; VERIFY Chelsea Hardin rights chain if separate,Flickr 14954536360,Bacterial leaf spot of pepper (14954536360).jpg,Xanthomonas sp.; Capsicum,Bacterial leaf spot of pepper; pathogen Xanthomonas sp.,High,Creative Commons CC0 1.0 Universal Public Domain Dedication,1.0,https://creativecommons.org/publicdomain/zero/1.0/deed.en,Yes,Yes,No,"No attribution required by CC0; recommended credit: Chelsea Hardin / Scot Nelson, CC0, via Wikimedia Commons/Flickr.","Chelsea Hardin / Scot Nelson, CC0, via Wikimedia Commons/Flickr.",No copyright attribution requirement under CC0; source credit recommended. Rights chain should be checked because page description says photograph by Chelsea Hardin while VRT release is from Scot Nelson's photostream.,"None under stated CC0, but rights-chain note remains.",No,No,Hold,"License appears CC0/VRT-backed, but creator/rights-holder chain is partially ambiguous due Chelsea Hardin photo credit vs. Scot Nelson release; hold until production confirms source attribution/rights chain is acceptable.","Commons page states the file is CC0 and may be copied/modified/used commercially, while also listing 'Photograph by Chelsea Hardin' and Author Scot Nelson.",B25_05 Pepper BacterialLeafSpot Xanthomonas CC0 ScotNelson; Bacterial leaf spot pepper 14954536360; Chelsea Hardin bacterial leaf spot pepper Scot Nelson,Confirm whether Chelsea Hardin is photographer only or separate rights holder; confirm final credit line.,No,Rights likely usable but keep Hold until attribution/rights chain is clean.
B25_06,B25_06_Tomato_BacterialCanker_CC0_ScotNelson_CONDITIONAL.jpg,B25_06_Tomato_BacterialCanker_CC0_ScotNelson_CONDITIONAL.jpg,Hold,High,Yes,https://commons.wikimedia.org/wiki/File:Bacterial_canker_of_tomato_caused_by_Corynebacterium_michiganense_pv._michiganense_(9777392932).jpg,Wikimedia Commons / Flickr,https://commons.wikimedia.org/wiki/Special:Redirect/file/Bacterial_canker_of_tomato_caused_by_Corynebacterium_michiganense_pv._michiganense_(9777392932).jpg,https://www.flickr.com/photos/scotnelson/9777392932/,Scot Nelson,Scot Nelson / Wikimedia Commons VRT,Flickr 9777392932,Bacterial canker of tomato caused by Corynebacterium michiganense pv. michiganense (9777392932).jpg,Corynebacterium/Clavibacter michiganense pv. michiganense,Bacterial canker of tomato,High,Creative Commons CC0 1.0 Universal Public Domain Dedication,1.0,https://creativecommons.org/publicdomain/zero/1.0/deed.en,Yes,Yes,No,"No attribution required by CC0; recommended credit: Scot Nelson, CC0, via Wikimedia Commons/Flickr.","Scot Nelson, CC0, via Wikimedia Commons/Flickr.",No copyright attribution requirement under CC0; source credit recommended for traceability.,None.,No,No,Use candidate,Source page verifies creator/source and CC0 commercial/modification rights; use modern pathogen name in manuscript if needed.,"Source page states CC0/public-domain dedication and says the work may be copied, modified, distributed, and used commercially without asking permission. Commons also states Scot Nelson released Flickr photostream content under CC0 through VRT.",B25_06 Tomato Bacterial Canker CC0 ScotNelson; bacterial canker tomato 9777392932; Corynebacterium michiganense tomato Scot Nelson,Update disease taxonomy in caption if editorial standards require Clavibacter michiganensis subsp. michiganensis.,No,Rights clear; taxonomy/caption review only.
B25_07,B25_07_Tomato_TSWV_RingspotCue_CC0_Downtowngal.jpg,B25_07_Tomato_TSWV_RingspotCue_CC0_Downtowngal.jpg,Use,High,Yes,https://commons.wikimedia.org/wiki/File:Tomato_with_Tomato_Spotted_Wilt_Virus.jpg,Wikimedia Commons,https://commons.wikimedia.org/wiki/Special:Redirect/file/Tomato_with_Tomato_Spotted_Wilt_Virus.jpg,,Downtowngal,Downtowngal / Wikimedia Commons,Tomato_with_Tomato_Spotted_Wilt_Virus.jpg,Tomato with Tomato Spotted Wilt Virus.jpg,Tomato spotted wilt virus / Tospovirus,"Tomato with tomato spotted wilt virus grown in Los Angeles, California",Medium,Creative Commons CC0 1.0 Universal Public Domain Dedication,1.0,https://creativecommons.org/publicdomain/zero/1.0/deed.en,Yes,Yes,No,"No attribution required by CC0; recommended credit: Downtowngal, CC0, via Wikimedia Commons.","Downtowngal, CC0, via Wikimedia Commons.",No copyright attribution requirement under CC0; source credit recommended.,None.,No,No,Use candidate,"Rights are clean under CC0; ID is source-stated but self-published, so use with diagnostic caption review.","Source page states CC0/public-domain dedication and says the work may be copied, modified, distributed, and used commercially without asking permission.",B25_07 Tomato TSWV RingspotCue CC0 Downtowngal; Tomato with Tomato Spotted Wilt Virus Commons; Downtowngal TSWV tomato CC0,Pathology/caption review; source is self-published own work.,No,"Use as ringspot cue, not sole definitive diagnosis."
B25_08,B25_08_Basil_TSWV_MosaicRingspots_CC0_ScotNelson.jpg,B25_08_Basil_TSWV_MosaicRingspots_CC0_ScotNelson.jpg,Use,High,Yes,https://commons.wikimedia.org/wiki/File:Sweet_basil_(Ocimum_basilicum)_-_Tomato_spotted_wilt_virus_(TSWV).jpg,Wikimedia Commons / Flickr,https://commons.wikimedia.org/wiki/Special:Redirect/file/Sweet_basil_(Ocimum_basilicum)_-_Tomato_spotted_wilt_virus_(TSWV).jpg,https://www.flickr.com/photos/scotnelson/,Scot Nelson,Scot Nelson / Wikimedia Commons VRT,Sweet_basil_(Ocimum_basilicum)_-_Tomato_spotted_wilt_virus_(TSWV).jpg,Sweet basil (Ocimum basilicum) - Tomato spotted wilt virus (TSWV).jpg,Tomato spotted wilt virus (TSWV),"Sweet basil with Tomato spotted wilt virus symptoms: foliar mosaic, ringspots, chlorosis",High,Creative Commons CC0 1.0 Universal Public Domain Dedication,1.0,https://creativecommons.org/publicdomain/zero/1.0/deed.en,Yes,Yes,No,"No attribution required by CC0; recommended credit: Scot Nelson, CC0, via Wikimedia Commons/Flickr.","Scot Nelson, CC0, via Wikimedia Commons/Flickr.",No copyright attribution requirement under CC0; source credit recommended.,None.,No,No,Use candidate,"Source page verifies creator/source, disease/symptom description, and CC0 rights.","Source page states CC0/public-domain dedication and says the work may be copied, modified, distributed, and used commercially without asking permission. Commons also states Scot Nelson released Flickr photostream content under CC0 through VRT.",B25_08 Basil TSWV Mosaic Ringspots CC0 ScotNelson; Sweet basil Tomato spotted wilt virus Scot Nelson CC0,None for rights; final plant-pathology caption review.,No,Useful basil viral symptom candidate.
B25_09,B25_09_Cucumber_CMV_FruitMosaic_CC-BY-3.0US_WilliamBrown.jpg,B25_09_Cucumber_CMV_FruitMosaic_CC-BY-3.0US_WilliamBrown.jpg,Use,High,Yes,https://www.insectimages.org/browse/detail.cfm?imgnum=5359721,Insect Images / Bugwood Network; Wikimedia Commons mirror,https://commons.wikimedia.org/wiki/Special:Redirect/file/Cucumber_mosaic_virus_symptoms.jpg,https://commons.wikimedia.org/wiki/File:Cucumber_mosaic_virus_symptoms.jpg,William M. Brown Jr.,Insect Images / Bugwood Network / University of Georgia / USDA Forest Service,5359721,Cucumber mosaic virus symptoms.jpg,Cucumber mosaic symptoms on cucumber fruit,Cucumber mosaic virus symptoms on cucumber fruit,High,Creative Commons Attribution 3.0 United States,3.0 US,https://creativecommons.org/licenses/by/3.0/us/deed.en,Yes,Yes,Yes,"William M. Brown Jr., Bugwood.org / InsectImages.org, CC BY 3.0 US. Changes, if any, noted.","William M. Brown Jr., Bugwood.org / InsectImages.org, CC BY 3.0 US, via Wikimedia Commons.","Give appropriate credit, link license, indicate changes; do not imply endorsement.",None identified; attribution required.,No,No,Use candidate,"Bugwood catalog ID, creator, source, license, and commercial/modification rights are verified from source/mirror record.","Source page states Creative Commons Attribution license and says share/remix are permitted with attribution, license link, and change notice. Commons states original Insect Images ID 5359721 and license-review confirmation.",B25_09 Cucumber CMV Fruit Mosaic William Brown; Cucumber mosaic virus symptoms 5359721; William M. Brown Jr. cucumber mosaic virus Bugwood,None for rights; final caption review.,No,Use for CMV fruit symptom panel.
B25_10,B25_10_Zucchini_ZYMV_DeformedFruit_CC0_Downtowngal.jpg,B25_10_Zucchini_ZYMV_DeformedFruit_CC0_Downtowngal.jpg,Use,High,Yes,https://commons.wikimedia.org/wiki/File:Zucchini_with_Zucchini_Yellow_Mosaic_Virus.jpg,Wikimedia Commons,https://commons.wikimedia.org/wiki/Special:Redirect/file/Zucchini_with_Zucchini_Yellow_Mosaic_Virus.jpg,,Downtowngal,Downtowngal / Wikimedia Commons,Zucchini_with_Zucchini_Yellow_Mosaic_Virus.jpg,Zucchini with Zucchini Yellow Mosaic Virus.jpg,Zucchini yellow mosaic virus; zucchini,Zucchini fruit deformation associated with Zucchini yellow mosaic virus,Medium,Creative Commons CC0 1.0 Universal Public Domain Dedication,1.0,https://creativecommons.org/publicdomain/zero/1.0/deed.en,Yes,Yes,No,"No attribution required by CC0; recommended credit: Downtowngal, CC0, via Wikimedia Commons.","Downtowngal, CC0, via Wikimedia Commons.",No copyright attribution requirement under CC0; source credit recommended.,None.,No,No,Use candidate,"Rights are clean under CC0, but disease ID is self-published; use after pathology-caption review.","Source page states CC0/public-domain dedication and says the work may be copied, modified, distributed, and used commercially without asking permission.",B25_10 Zucchini ZYMV DeformedFruit CC0 Downtowngal; Zucchini with Zucchini Yellow Mosaic Virus Commons,Pathology/caption review; source is self-published own work.,No,"Use as symptom cue, not lab-confirmed diagnosis."
B25_11,B25_11_Squash_DownyMildew_AngularLeafLesions_CC-BY-3.0_EdwardSikora.jpg,B25_11_Squash_DownyMildew_AngularLeafLesions_CC-BY-3.0_EdwardSikora.jpg,Use,High,Yes,https://www.ipmimages.org/browse/detail.cfm?imgnum=5581639,IPMImages / Bugwood Network; Wikimedia Commons mirror,https://commons.wikimedia.org/wiki/Special:Redirect/file/Cucurbit_downy_mildew_(Pseudoperonospora_cubensis)_5581639.jpg,https://commons.wikimedia.org/wiki/File:Cucurbit_downy_mildew_(Pseudoperonospora_cubensis)_5581639.jpg,"Edward Sikora, Auburn University, Bugwood.org",IPMImages / Bugwood Network / Auburn University,5581639,Cucurbit downy mildew (Pseudoperonospora cubensis) 5581639.jpg,Pseudoperonospora cubensis; Cucurbita pepo var. pepo,Cucurbit downy mildew symptoms on squash leaf,High,Creative Commons Attribution 3.0 Unported,3.0,https://creativecommons.org/licenses/by/3.0/deed.en,Yes,Yes,Yes,"Edward Sikora, Auburn University, Bugwood.org / IPMImages.org, CC BY 3.0. Changes, if any, noted.","Edward Sikora, Auburn University, Bugwood.org / IPMImages.org, CC BY 3.0, via Wikimedia Commons.","Give appropriate credit, link license, indicate changes; do not imply endorsement. Low-resolution source; use small/inset if needed.",None identified; attribution required.,No,No,Use candidate,"IPMImages/Bugwood source, author, catalog ID, license, commercial use, and modification rights are verified; resolution is modest.","Source page states Creative Commons Attribution license and says share/remix are permitted with attribution, license link, and change notice. Commons states original IPMImages ID 5581639 and license-review confirmation.",B25_11 Squash DownyMildew angular leaf lesions Edward Sikora; Pseudoperonospora cubensis 5581639; IPMImages 5581639,Confirm final reproduction size due 728 x 518 source resolution.,No,Rights clean; resolution caveat.
B25_12,B25_12_Cucumber_DownyMildew_BlockyYellowAreas_CC-BY-SA-4.0_WeeHong_CONDITIONAL.jpg,B25_12_Cucumber_DownyMildew_BlockyYellowAreas_CC-BY-SA-4.0_WeeHong_CONDITIONAL.jpg,Hold,High,Yes,https://commons.wikimedia.org/wiki/File:Downy_mildew_on_leaves_of_Cucumis_sativus.jpg,Wikimedia Commons,https://commons.wikimedia.org/wiki/Special:Redirect/file/Downy_mildew_on_leaves_of_Cucumis_sativus.jpg,,Wee Hong,Wee Hong / Wikimedia Commons,Downy_mildew_on_leaves_of_Cucumis_sativus.jpg,Downy mildew on leaves of Cucumis sativus.jpg,Pseudoperonospora cubensis; Cucumis sativus,Cucumber leaves with blocky yellow areas caused by cucurbit downy mildew,High,Creative Commons Attribution-ShareAlike 4.0 International,4.0,https://creativecommons.org/licenses/by-sa/4.0/deed.en,Yes,Yes,Yes,"Wee Hong, CC BY-SA 4.0, via Wikimedia Commons. Changes, if any, noted; ShareAlike obligations apply to adaptations.","Wee Hong, CC BY-SA 4.0, via Wikimedia Commons.","ShareAlike applies if remixed, transformed, or built upon; give credit, link license, indicate changes.",CC BY-SA 4.0 ShareAlike production review required.,No,No,Use candidate,"Source, creator, license, commercial use, and modification rights are verified; production must confirm ShareAlike compatibility before layout/crop/annotation.",Source page states Creative Commons Attribution-ShareAlike license and says share/remix are permitted with attribution and ShareAlike obligations.,B25_12 Cucumber Downy Mildew Blocky Yellow Areas Wee Hong; Downy mildew on leaves of Cucumis sativus Commons,Production review for CC BY-SA 4.0 compatibility; note any modifications.,No,Use candidate only if ShareAlike obligations are acceptable.
B25_13,B25_13_Zucchini_PowderyMildew_vsNaturalMottling_CC-BY-SA-4.0_SchlagheckenJosef_CONDITIONAL.jpg,B25_13_Zucchini_PowderyMildew_vsNaturalMottling_CC-BY-SA-4.0_SchlagheckenJosef_CONDITIONAL.jpg,Hold,High,Yes,https://commons.wikimedia.org/wiki/File:Zucchini_Echter-Mehltau_Schlaghecken.jpg,Wikimedia Commons,https://commons.wikimedia.org/wiki/Special:Redirect/file/Zucchini_Echter-Mehltau_Schlaghecken.jpg,,Schlaghecken Josef,Schlaghecken Josef / Wikimedia Commons,Zucchini_Echter-Mehltau_Schlaghecken.jpg,Zucchini Echter-Mehltau Schlaghecken.jpg,Zucchini leaves; powdery mildew pathogen either Golovinomyces cichoracearum or Podosphaera fuliginea,"Zucchini leaves: left natural staining/mottling, right powdery mildew infestation",High,Creative Commons Attribution-ShareAlike 4.0 International,4.0,https://creativecommons.org/licenses/by-sa/4.0/deed.en,Yes,Yes,Yes,"Schlaghecken Josef, CC BY-SA 4.0, via Wikimedia Commons. Changes, if any, noted; ShareAlike obligations apply to adaptations.","Schlaghecken Josef, CC BY-SA 4.0, via Wikimedia Commons.","ShareAlike applies if remixed, transformed, or built upon; give credit, link license, indicate changes.",CC BY-SA 4.0 ShareAlike production review required.,No,No,Use candidate,Excellent comparison image; rights allow commercial reuse/adaptation with ShareAlike; production must confirm compatibility.,Source page states Creative Commons Attribution-ShareAlike license and says share/remix are permitted with attribution and ShareAlike obligations.,B25_13 Zucchini powdery mildew vs natural mottling Schlaghecken Josef; Zucchini Echter Mehltau Commons,Production review for CC BY-SA 4.0 compatibility; confirm no misleading crop/mildew caption.,No,"High-value comparison image, but ShareAlike must be accepted."
B25_14,B25_14_Cucurbita_Anthracnose_FruitLesions_CC0_ScotNelson.jpg,B25_14_Cucurbita_Anthracnose_FruitLesions_CC0_ScotNelson.jpg,Use,High,Yes,https://commons.wikimedia.org/wiki/File:Cucurbita_Pumpkin-squash_anthracnose.jpg,Wikimedia Commons / Flickr,https://commons.wikimedia.org/wiki/Special:Redirect/file/Cucurbita_Pumpkin-squash_anthracnose.jpg,https://www.flickr.com/photos/scotnelson/,Scot Nelson,Scot Nelson / Wikimedia Commons VRT,Cucurbita_Pumpkin-squash_anthracnose.jpg,Cucurbita Pumpkin-squash anthracnose.jpg,Prob. Glomerella lagenarium (Colletotrichum orbiculare),Pumpkin/squash anthracnose fruit lesion; source says pathogen is probable,Medium,Creative Commons CC0 1.0 Universal Public Domain Dedication,1.0,https://creativecommons.org/publicdomain/zero/1.0/deed.en,Yes,Yes,No,"No attribution required by CC0; recommended credit: Scot Nelson, CC0, via Wikimedia Commons/Flickr.","Scot Nelson, CC0, via Wikimedia Commons/Flickr.",No copyright attribution requirement under CC0; source credit recommended. Disease label should note source says probable pathogen if used diagnostically.,None.,No,No,Use candidate,"Rights are clean under CC0; pathogen ID is source-stated as probable, so use with careful caption wording.","Source page states CC0/public-domain dedication and says the work may be copied, modified, distributed, and used commercially without asking permission. Commons also states Scot Nelson released Flickr photostream content under CC0 through VRT.",B25_14 Cucurbita anthracnose fruit lesions Scot Nelson; Cucurbita pumpkin squash anthracnose Commons; Colletotrichum orbiculare Scot Nelson CC0,Pathology/caption review because source uses 'Prob.' for pathogen ID.,No,Rights clear; ID confidence medium due 'probable' pathogen statement.
B25_15,B25_15_BeanRust_LeafPustules_CC-BY-SA-3.0_Rasbak_CONDITIONAL.jpg,B25_15_BeanRust_LeafPustules_CC-BY-SA-3.0_Rasbak_CONDITIONAL.jpg,Hold,High,Yes,https://commons.wikimedia.org/wiki/File:Roest_op_stoksperzieboon_(Uromyces_appendiculatus_var._appendiculatus).jpg,Wikimedia Commons,https://commons.wikimedia.org/wiki/Special:Redirect/file/Roest_op_stoksperzieboon_(Uromyces_appendiculatus_var._appendiculatus).jpg,,Rasbak,Rasbak / Wikimedia Commons,Roest_op_stoksperzieboon_(Uromyces_appendiculatus_var._appendiculatus).jpg,Roest op stoksperzieboon (Uromyces appendiculatus var. appendiculatus).jpg,Uromyces appendiculatus var. appendiculatus; Phaseolus vulgaris,Bean rust on Phaseolus vulgaris / stoksperzieboon leaves,High,GFDL 1.2 or later; Creative Commons Attribution-ShareAlike 3.0 Unported migrated,GFDL 1.2+; CC BY-SA 3.0,https://www.gnu.org/copyleft/fdl.html | https://creativecommons.org/licenses/by-sa/3.0/deed.en,Yes,Yes,Yes,"Rasbak, CC BY-SA 3.0 / GFDL, via Wikimedia Commons. Changes, if any, noted; ShareAlike/GFDL obligations apply.","Rasbak, CC BY-SA 3.0 / GFDL, via Wikimedia Commons.",ShareAlike applies; GFDL handling may require license text/production obligations. Do not final-clear without production review.,High: CC BY-SA 3.0 + GFDL production review required.,No,No,Hold,"Image is source-identified and commercially/modification-allowed, but GFDL/ShareAlike obligations are production-complex; replace if simpler CC BY/CC0 bean rust image is available.","Source page lists GFDL and/or migrated CC BY-SA; commercial/modification may be allowed, but production handling is complex. Source also permits share/remix under CC BY-SA 3.0 with attribution and ShareAlike.",B25_15 Bean rust leaf pustules Rasbak; Roest op stoksperzieboon Uromyces appendiculatus; bean rust Rasbak GFDL CC BY-SA,Production counsel/layout review for GFDL/CC BY-SA obligations; consider cleaner replacement.,Yes,Rights usable only with complex obligations; do not treat as final-cleared.
B25_16,B25_16_BeanRust_Telia_Closeup_CC-BY-3.0US_HowardSchwartz.jpg,B25_16_BeanRust_Telia_Closeup_CC-BY-3.0US_HowardSchwartz.jpg,Use,High,Yes,https://www.insectimages.org/browse/detail.cfm?imgnum=5365358,Insect Images / Bugwood Network; Wikimedia Commons mirror,"https://commons.wikimedia.org/wiki/Special:Redirect/file/Uromyces_appendiculatus,_telia,_5365358.jpg","https://commons.wikimedia.org/wiki/File:Uromyces_appendiculatus,_telia,_5365358.jpg","Howard F. Schwartz, Colorado State University, United States",Insect Images / Bugwood Network / Colorado State University / USDA Forest Service,5365358,"Uromyces appendiculatus, telia, 5365358.jpg",Uromyces appendiculatus telia,Bean rust telia close-up / Uromyces appendiculatus,High,Creative Commons Attribution 3.0 United States,3.0 US,https://creativecommons.org/licenses/by/3.0/us/deed.en,Yes,Yes,Yes,"Howard F. Schwartz, Colorado State University, Bugwood.org / InsectImages.org, CC BY 3.0 US. Changes, if any, noted.","Howard F. Schwartz, Colorado State University, Bugwood.org / InsectImages.org, CC BY 3.0 US, via Wikimedia Commons.","Give appropriate credit, link license, indicate changes; do not imply endorsement.",None identified; attribution required.,No,No,Use candidate,"Bugwood catalog ID, author, source, license, commercial use, and modification rights are verified.","Source page states Creative Commons Attribution license and says share/remix are permitted with attribution, license link, and change notice. Commons states original Insect Images ID 5365358 and license-review confirmation.",B25_16 BeanRust Telia Howard Schwartz; Uromyces appendiculatus telia 5365358; Bugwood 5365358,None for rights; final caption review.,No,Good close-up companion to bean rust field symptom image.
B25_17,B25_17_Tomato_LeafMold_UndersideSporulation_GFDL_Goldlocki_CONDITIONAL.jpg,B25_17_Tomato_LeafMold_UndersideSporulation_GFDL_Goldlocki_CONDITIONAL.jpg,Hold,High,Yes,https://commons.wikimedia.org/wiki/File:TomateBlattUnterseiteSamtfleckenCladosporiumfulvum.jpg,Wikimedia Commons,https://commons.wikimedia.org/wiki/Special:Redirect/file/TomateBlattUnterseiteSamtfleckenCladosporiumfulvum.jpg,,Goldlocki,Goldlocki / Wikimedia Commons,TomateBlattUnterseiteSamtfleckenCladosporiumfulvum.jpg,TomateBlattUnterseiteSamtfleckenCladosporiumfulvum.jpg,Passalora fulva / Cladosporium fulvum; tomato leaf underside,Tomato leaf underside with leaf mold / Passalora fulva sporulation,High,GFDL 1.2 or later; Creative Commons Attribution-ShareAlike 3.0 Unported migrated,GFDL 1.2+; CC BY-SA 3.0,https://www.gnu.org/copyleft/fdl.html | https://creativecommons.org/licenses/by-sa/3.0/deed.en,Yes,Yes,Yes,"Goldlocki, CC BY-SA 3.0 / GFDL, via Wikimedia Commons. Changes, if any, noted; ShareAlike/GFDL obligations apply.","Goldlocki, CC BY-SA 3.0 / GFDL, via Wikimedia Commons.",ShareAlike applies; GFDL handling may require license text/production obligations. Do not final-clear without production review.,High: CC BY-SA 3.0 + GFDL production review required.,No,No,Hold,"High diagnostic value and source ID, but GFDL/ShareAlike obligations make it a production hold unless obligations are accepted.","Source page lists GFDL and/or migrated CC BY-SA; commercial/modification may be allowed, but production handling is complex. Source also permits share/remix under CC BY-SA 3.0 with attribution and ShareAlike.",B25_17 Tomato Leaf Mold underside sporulation Goldlocki; TomateBlattUnterseite Samtflecken Cladosporium fulvum; Passalora fulva GFDL,Production counsel/layout review for GFDL/CC BY-SA obligations; consider replacing with CC BY Bugwood image if resolution is sufficient.,Yes,Better visual than B25_18 but licensing more complex.
B25_18,B25_18_Tomato_LeafMold_LowRes_CC-BY-3.0_ElizabethBush_CONDITIONAL.jpg,B25_18_Tomato_LeafMold_LowRes_CC-BY-3.0_ElizabethBush_CONDITIONAL.jpg,Hold,High,Yes,https://www.forestryimages.org/browse/detail.cfm?imgnum=5487925,Forestry Images / Bugwood Network; Wikimedia Commons mirror,https://commons.wikimedia.org/wiki/Special:Redirect/file/Tomato_Leaf_Mold.jpg,https://commons.wikimedia.org/wiki/File:Tomato_Leaf_Mold.jpg,"Elizabeth Bush, Virginia Polytechnic Institute and State University",Forestry Images / Bugwood Network / Virginia Tech / USDA Forest Service,5487925,Tomato Leaf Mold.jpg,Tomato leaf mold / Passalora fulva,Symptoms on tomato leaf mold,High,Creative Commons Attribution 3.0 Unported,3.0,https://creativecommons.org/licenses/by/3.0/deed.en,Yes,Yes,Yes,"Elizabeth Bush, Virginia Polytechnic Institute and State University, Bugwood.org / ForestryImages.org, CC BY 3.0. Changes, if any, noted.","Elizabeth Bush, Virginia Polytechnic Institute and State University, Bugwood.org / ForestryImages.org, CC BY 3.0, via Wikimedia Commons.","Give appropriate credit, link license, indicate changes; very low resolution, use only as small inset if retained.",None identified; attribution required.,No,No,Use candidate,"Rights are clean under CC BY 3.0, but image is only 384 x 288; production should use as small inset or replace with higher-resolution clear image.","Source page states Creative Commons Attribution license and says share/remix are permitted with attribution, license link, and change notice. Commons states original Forestry Images ID 5487925 and license-review confirmation.",B25_18 Tomato Leaf Mold LowRes Elizabeth Bush CC BY; ForestryImages 5487925 tomato leaf mold; Tomato Leaf Mold Bugwood Elizabeth Bush,Confirm reproduction size; find higher-resolution replacement if needed.,Yes,Cleaner license than B25_17 but much lower resolution.
B25_19,B25_19_Tomato_Botrytis_GhostSpotFruit_GFDL_Goldlocki_VERIFY.jpg,B25_19_Tomato_Botrytis_GhostSpotFruit_GFDL_Goldlocki_VERIFY.jpg,Hold,High,Partial,https://commons.wikimedia.org/wiki/File:TomateFruchtGrauschimmelBotrytiscinereaGeisterflecken.jpg,Wikimedia Commons,https://commons.wikimedia.org/wiki/Special:Redirect/file/TomateFruchtGrauschimmelBotrytiscinereaGeisterflecken.jpg,,Goldlocki,Goldlocki / Wikimedia Commons,TomateFruchtGrauschimmelBotrytiscinereaGeisterflecken.jpg,TomateFruchtGrauschimmelBotrytiscinereaGeisterflecken.jpg,"Solanum lycopersicum; source description says tomato fruit cracking, not confirmed Botrytis ghost spot",Tomato fruit; source description identifies Pink Brandywine fruit cracking / 'tomatoe fruit cracking' while filename implies Botrytis/ghost spot,VERIFY,GFDL 1.2 or later; Creative Commons Attribution-ShareAlike 3.0 Unported migrated,GFDL 1.2+; CC BY-SA 3.0,https://www.gnu.org/copyleft/fdl.html | https://creativecommons.org/licenses/by-sa/3.0/deed.en,Yes,Yes,Yes,"Goldlocki, CC BY-SA 3.0 / GFDL, via Wikimedia Commons. Changes, if any, noted; ShareAlike/GFDL obligations apply.","Goldlocki, CC BY-SA 3.0 / GFDL, via Wikimedia Commons.",ShareAlike applies; GFDL handling may require license text/production obligations. Do not use as Botrytis/ghost spot unless disease ID is independently verified.,High: CC BY-SA 3.0 + GFDL production review required; ID mismatch risk.,No,No,Replace,Rights are not simple and source description conflicts with the intended Botrytis/ghost-spot ID; replace with source-identified Botrytis/ghost-spot image with clearer rights if possible.,"Source page lists GFDL and/or migrated CC BY-SA; commercial/modification may be allowed, but production handling is complex. The source description identifies tomato fruit cracking rather than confirming Botrytis/ghost spot.",B25_19 Tomato Botrytis ghost spot Goldlocki; TomateFruchtGrauschimmelBotrytiscinereaGeisterflecken; tomato Botrytis ghost spot CC BY; Bugwood tomato Botrytis ghost spot,Confirm organism/disease ID from a credible pathology source or replace; production review for GFDL/ShareAlike if retained.,Yes,"Search found extension/IPMImages Botrytis ghost-spot references, but no cleaner production candidate was confirmed in this pass."
