"filename","family","license","license_class","license_note","status_flag","status_note","attribution","institution","ledger","verdict","used_by","dims","kb","path"
"B30_001__LSE_FOUND_B26_ABIOTIC_Pepper_Sunscald_ExposedFruit_DonFerrin_Bugwood_CC-BY-3.jpg","third-party (B-series)","CC-BY-3","BY","Attribution 3.0","","","DonFerrin / Bugwood","Bugwood","","clear","Book 4, LSE_VOLUME_3_CROPS_IPM_DIAGNOSTICS_SOURCE.html","3072x2304","571","C:\Users\dstor\lse-repo\assets\B30_001__LSE_FOUND_B26_ABIOTIC_Pepper_Sunscald_ExposedFruit_DonFerrin_Bugwood_CC-BY-3.jpg"
"B30_002__LSE_FOUND_B26_ABIOTIC_Tomato_FruitCracking_IrregularIrrigationCue_Fructibus_CC0.jpg","third-party (B-series)","CC0","CC0","Public domain dedication","","","IrregularIrrigationCue / Fructibus","","","clear","Book 4, LSE_VOLUME_3_CROPS_IPM_DIAGNOSTICS_SOURCE.html","1000x918","47","C:\Users\dstor\lse-repo\assets\B30_002__LSE_FOUND_B26_ABIOTIC_Tomato_FruitCracking_IrregularIrrigationCue_Fructibus_CC0.jpg"
"B30_003__LSE_FOUND_B26_ABIOTIC_Tomato_Catfacing_FruitDeformity_ParthasarathySeethapathy_CC-BY-SA-4.jpg","third-party (B-series)","CC-BY-SA-4","SA","ShareAlike 4.0","","","FruitDeformity / ParthasarathySeethapathy","","","check","Book 4, LSE_VOLUME_3_CROPS_IPM_DIAGNOSTICS_SOURCE.html","926x1000","68","C:\Users\dstor\lse-repo\assets\B30_003__LSE_FOUND_B26_ABIOTIC_Tomato_Catfacing_FruitDeformity_ParthasarathySeethapathy_CC-BY-SA-4.jpg"
"B30_004__LSE_FOUND_B26_ABIOTIC_Tomato_HailDamage_BruisedBrokenStems_DwightSipler_CC-BY-2.jpg","third-party (B-series)","CC-BY-2","BY","Attribution 2.0","","","BruisedBrokenStems / DwightSipler","","","clear","Book 4, LSE_VOLUME_3_CROPS_IPM_DIAGNOSTICS_SOURCE.html","742x1000","128","C:\Users\dstor\lse-repo\assets\B30_004__LSE_FOUND_B26_ABIOTIC_Tomato_HailDamage_BruisedBrokenStems_DwightSipler_CC-BY-2.jpg"
"B30_005__LSE_FOUND_B26_ROOTS_Container_Rootbound_CirclingRoots_B137_CC0.jpg","third-party (B-series)","CC0","CC0","Public domain dedication","","","CirclingRoots / B137","","","clear","Book 1, LSE_VOLUME_1_FOUNDATIONS_SYSTEMS_SOURCE.html","750x1000","108","C:\Users\dstor\lse-repo\assets\B30_005__LSE_FOUND_B26_ROOTS_Container_Rootbound_CirclingRoots_B137_CC0.jpg"
"B30_006__LSE_FOUND_B26_ROOTS_Tomato_RootKnotNematode_GalledRoots_PlantPestsDiseases_CC0.jpg","third-party (B-series)","CC0","CC0","Public domain dedication","","","GalledRoots / PlantPestsDiseases","","","clear","Book 4, LSE_VOLUME_3_CROPS_IPM_DIAGNOSTICS_SOURCE.html","1000x750","151","C:\Users\dstor\lse-repo\assets\B30_006__LSE_FOUND_B26_ROOTS_Tomato_RootKnotNematode_GalledRoots_PlantPestsDiseases_CC0.jpg"
"B30_007__LSE_FOUND_B26_COMPOST_Compost_MaturityContamination_TemperatureInspection_StephenAusmus_USDA-PD.jpg","third-party (B-series)","USDA-PD","PD","US government work, public domain","","","TemperatureInspection / StephenAusmus","USDA","","clear","Book 2","427x640","94","C:\Users\dstor\lse-repo\assets\B30_007__LSE_FOUND_B26_COMPOST_Compost_MaturityContamination_TemperatureInspection_StephenAusmus_USDA-PD.jpg"
"B30_008__LSE_FOUND_B26_SOIL_AggregateStability_SlakeComparison_LanceCheung_USDA-PD.jpg","third-party (B-series)","USDA-PD","PD","US government work, public domain","","","SlakeComparison / LanceCheung","USDA","","clear","Book 1, LSE_VOLUME_1_FOUNDATIONS_SYSTEMS_SOURCE.html","1000x648","84","C:\Users\dstor\lse-repo\assets\B30_008__LSE_FOUND_B26_SOIL_AggregateStability_SlakeComparison_LanceCheung_USDA-PD.jpg"
"B30_009__LSE_FOUND_B26_WATER_DripIrrigation_WettingPattern_PeggyGreb_USDA-PD.jpg","third-party (B-series)","USDA-PD","PD","US government work, public domain","","","WettingPattern / PeggyGreb","USDA","","clear","Book 1, LSE_VOLUME_1_FOUNDATIONS_SYSTEMS_SOURCE.html","427x640","226","C:\Users\dstor\lse-repo\assets\B30_009__LSE_FOUND_B26_WATER_DripIrrigation_WettingPattern_PeggyGreb_USDA-PD.jpg"
"B30_010__LSE_FOUND_B26_PEST_SquashBug_EggCluster_UndersidePumpkinLeaf_Bdm25_CC-BY-SA-4.jpg","third-party (B-series)","CC-BY-SA-4","SA","ShareAlike 4.0","","","UndersidePumpkinLeaf / Bdm25","","","check","Book 4, LSE_VOLUME_3_CROPS_IPM_DIAGNOSTICS_SOURCE.html","1000x602","62","C:\Users\dstor\lse-repo\assets\B30_010__LSE_FOUND_B26_PEST_SquashBug_EggCluster_UndersidePumpkinLeaf_Bdm25_CC-BY-SA-4.jpg"
"B30_011__LSE_FOUND_B26_PEST_SquashBug_EggCluster_AnasaTristis_BeatrizMoisset_CC-BY-SA-4.jpg","third-party (B-series)","CC-BY-SA-4","SA","ShareAlike 4.0","","","AnasaTristis / BeatrizMoisset","","","check","Book 4, LSE_VOLUME_3_CROPS_IPM_DIAGNOSTICS_SOURCE.html","609x595","55","C:\Users\dstor\lse-repo\assets\B30_011__LSE_FOUND_B26_PEST_SquashBug_EggCluster_AnasaTristis_BeatrizMoisset_CC-BY-SA-4.jpg"
"B30_012__LSE_FOUND_B26_PEST_SquashBug_Nymphs_OnSummerSquash_Pollinator_CC-BY-2-5.jpg","third-party (B-series)","CC-BY-2","BY","Attribution 2.0","","","OnSummerSquash / Pollinator","","","clear","Book 4, LSE_VOLUME_3_CROPS_IPM_DIAGNOSTICS_SOURCE.html","1000x747","77","C:\Users\dstor\lse-repo\assets\B30_012__LSE_FOUND_B26_PEST_SquashBug_Nymphs_OnSummerSquash_Pollinator_CC-BY-2-5.jpg"
"B30_013__LSE_FOUND_B26_PEST_SquashBug_Adult_MarginalResolution_Downtowngal_CC0.jpg","third-party (B-series)","CC0","CC0","Public domain dedication","","","MarginalResolution / Downtowngal","","","clear","Book 4, LSE_VOLUME_3_CROPS_IPM_DIAGNOSTICS_SOURCE.html","428x540","41","C:\Users\dstor\lse-repo\assets\B30_013__LSE_FOUND_B26_PEST_SquashBug_Adult_MarginalResolution_Downtowngal_CC0.jpg"
"B30_022__LSE_FOUND_B27_ABIOTIC_Tomato_2-4DDrift_CuppedNewGrowth_MaryAnnHansen-Bugwood_CONDITIONAL.jpg","third-party (B-series)","","","","CONDITIONAL","Usable under stated conditions. Conditions must be recorded.","CuppedNewGrowth / MaryAnnHansen-Bugwood","Bugwood","","check","Book 4, LSE_VOLUME_3_CROPS_IPM_DIAGNOSTICS_SOURCE.html","750x505","40","C:\Users\dstor\lse-repo\assets\B30_022__LSE_FOUND_B27_ABIOTIC_Tomato_2-4DDrift_CuppedNewGrowth_MaryAnnHansen-Bugwood_CONDITIONAL.jpg"
"B30_023__LSE_FOUND_B27_ABIOTIC_Tomato_GlyphosateInjury_YellowDistortedNewGrowth_NathanHoward-Bugwood_VERIFY.jpg","third-party (B-series)","","","","VERIFY","Rights not confirmed at filing time.","YellowDistortedNewGrowth / NathanHoward-Bugwood","Bugwood","","check","Book 4, LSE_VOLUME_3_CROPS_IPM_DIAGNOSTICS_SOURCE.html","400x324","38","C:\Users\dstor\lse-repo\assets\B30_023__LSE_FOUND_B27_ABIOTIC_Tomato_GlyphosateInjury_YellowDistortedNewGrowth_NathanHoward-Bugwood_VERIFY.jpg"
"B30_024__LSE_FOUND_B27_ABIOTIC_Tomato_2-4DInjury_TwistedCurlingShoot_PBacchi-Bugwood_VERIFY.png","third-party (B-series)","","","","VERIFY","Rights not confirmed at filing time.","TwistedCurlingShoot / PBacchi-Bugwood","Bugwood","","check","Book 4, LSE_VOLUME_3_CROPS_IPM_DIAGNOSTICS_SOURCE.html","480x332","300","C:\Users\dstor\lse-repo\assets\B30_024__LSE_FOUND_B27_ABIOTIC_Tomato_2-4DInjury_TwistedCurlingShoot_PBacchi-Bugwood_VERIFY.png"
"B30_025__LSE_FOUND_B27_ROOTS_Tomato_FusariumWilt_VascularBrowningStemSplit_NCSU-IngaMeadows_VERIFY.jpg","third-party (B-series)","","","","VERIFY","Rights not confirmed at filing time.","VascularBrowningStemSplit / NCSU-IngaMeadows","NCSU","PENDING - no reply on record","BLOCKER","Book 4, LSE_VOLUME_3_CROPS_IPM_DIAGNOSTICS_SOURCE.html","600x450","37","C:\Users\dstor\lse-repo\assets\B30_025__LSE_FOUND_B27_ROOTS_Tomato_FusariumWilt_VascularBrowningStemSplit_NCSU-IngaMeadows_VERIFY.jpg"
"B30_026__LSE_FOUND_B27_ROOTS_Pepper_DampingOff_StemCankerSoilLine_UMass-TSmith_VERIFY.jpg","third-party (B-series)","","","","VERIFY","Rights not confirmed at filing time.","StemCankerSoilLine / UMass-TSmith","UMass","","check","Book 4, LSE_VOLUME_3_CROPS_IPM_DIAGNOSTICS_SOURCE.html","700x525","92","C:\Users\dstor\lse-repo\assets\B30_026__LSE_FOUND_B27_ROOTS_Pepper_DampingOff_StemCankerSoilLine_UMass-TSmith_VERIFY.jpg"
"B30_027__LSE_FOUND_B27_PEST_Cowpea_CowpeaCurculio_PodCrossSectionLarvaAdult_UGA_VERIFY.jpg","third-party (B-series)","","","","VERIFY","Rights not confirmed at filing time.","PodCrossSectionLarvaAdult / UGA","UGA","","check","Book 4, LSE_VOLUME_3_CROPS_IPM_DIAGNOSTICS_SOURCE.html","300x166","13","C:\Users\dstor\lse-repo\assets\B30_027__LSE_FOUND_B27_PEST_Cowpea_CowpeaCurculio_PodCrossSectionLarvaAdult_UGA_VERIFY.jpg"
"B30_028__LSE_FOUND_B27_PEST_Cowpea_CowpeaCurculio_LarvaInsidePodRisk_UGA_VERIFY.jpg","third-party (B-series)","","","","VERIFY","Rights not confirmed at filing time.","LarvaInsidePodRisk / UGA","UGA","","check","Book 4, LSE_VOLUME_3_CROPS_IPM_DIAGNOSTICS_SOURCE.html","168x101","4","C:\Users\dstor\lse-repo\assets\B30_028__LSE_FOUND_B27_PEST_Cowpea_CowpeaCurculio_LarvaInsidePodRisk_UGA_VERIFY.jpg"
"B30_029__LSE_FOUND_B27_PEST_Cowpea_CowpeaCurculio_AdultScouting_UGA_VERIFY.jpg","third-party (B-series)","","","","VERIFY","Rights not confirmed at filing time.","AdultScouting / UGA","UGA","","check","Book 4, LSE_VOLUME_3_CROPS_IPM_DIAGNOSTICS_SOURCE.html","300x255","14","C:\Users\dstor\lse-repo\assets\B30_029__LSE_FOUND_B27_PEST_Cowpea_CowpeaCurculio_AdultScouting_UGA_VERIFY.jpg"
"B30_030__LSE_FOUND_B27_PEST_Eggplant_FleaBeetle_ShotHolePittedLeaf_DavidCappaert-Bugwood_VERIFY.jpg","third-party (B-series)","","","","VERIFY","Rights not confirmed at filing time.","ShotHolePittedLeaf / DavidCappaert-Bugwood","Bugwood","","check","Book 4, LSE_VOLUME_3_CROPS_IPM_DIAGNOSTICS_SOURCE.html","600x600","53","C:\Users\dstor\lse-repo\assets\B30_030__LSE_FOUND_B27_PEST_Eggplant_FleaBeetle_ShotHolePittedLeaf_DavidCappaert-Bugwood_VERIFY.jpg"
"B30_031__LSE_FOUND_B27_PEST_Corn_BlackCutworm_SeveredSeedlingDamage_WM-Hantsbarger_CC-BY-3.0-US.jpg","third-party (B-series)","CC-BY-3","BY","Attribution 3.0","","","SeveredSeedlingDamage / WM-Hantsbarger","","","clear","Book 4, LSE_VOLUME_3_CROPS_IPM_DIAGNOSTICS_SOURCE.html","1000x759","116","C:\Users\dstor\lse-repo\assets\B30_031__LSE_FOUND_B27_PEST_Corn_BlackCutworm_SeveredSeedlingDamage_WM-Hantsbarger_CC-BY-3.0-US.jpg"
"B30_032__LSE_FOUND_B27_EXCLUSION_Seedlings_CutwormCollars_CardboardBarrier_KathleenMoore_CC-BY-2.0.jpg","third-party (B-series)","CC-BY-2","BY","Attribution 2.0","","","CardboardBarrier / KathleenMoore","","","clear","Book 4, LSE_VOLUME_3_CROPS_IPM_DIAGNOSTICS_SOURCE.html","413x600","64","C:\Users\dstor\lse-repo\assets\B30_032__LSE_FOUND_B27_EXCLUSION_Seedlings_CutwormCollars_CardboardBarrier_KathleenMoore_CC-BY-2.0.jpg"
"B30_033__LSE_FOUND_B27_EXCLUSION_VegetableBeds_FloatingRowCover_PhysicalBarrier_ScotNelson_CONDITIONAL.jpg","third-party (B-series)","","","","CONDITIONAL","Usable under stated conditions. Conditions must be recorded.","PhysicalBarrier / ScotNelson","","","check","Book 4, LSE_VOLUME_3_CROPS_IPM_DIAGNOSTICS_SOURCE.html","600x450","43","C:\Users\dstor\lse-repo\assets\B30_033__LSE_FOUND_B27_EXCLUSION_VegetableBeds_FloatingRowCover_PhysicalBarrier_ScotNelson_CONDITIONAL.jpg"
"B30_034__LSE_FOUND_B27_EXCLUSION_Containers_SlugBarrier_CopperTape_KathleenMoore_CC-BY-2.0.jpg","third-party (B-series)","CC-BY-2","BY","Attribution 2.0","","","CopperTape / KathleenMoore","","","clear","Book 4, LSE_VOLUME_3_CROPS_IPM_DIAGNOSTICS_SOURCE.html","450x600","60","C:\Users\dstor\lse-repo\assets\B30_034__LSE_FOUND_B27_EXCLUSION_Containers_SlugBarrier_CopperTape_KathleenMoore_CC-BY-2.0.jpg"
"B30_035__LSE_FOUND_B27_ABIOTIC_Squash_PesticideBurn_SoapPyrethrinLeafScorch_UMD_VERIFY.jpg","third-party (B-series)","","","","VERIFY","Rights not confirmed at filing time.","SoapPyrethrinLeafScorch / UMD","UMD","granted","clear","Book 4, LSE_VOLUME_3_CROPS_IPM_DIAGNOSTICS_SOURCE.html","1000x664","80","C:\Users\dstor\lse-repo\assets\B30_035__LSE_FOUND_B27_ABIOTIC_Squash_PesticideBurn_SoapPyrethrinLeafScorch_UMD_VERIFY.jpg"
"B30_036__LSE_FOUND_B27_ABIOTIC_Bean_PesticideBurn_LeafScorch_UMD_VERIFY.png","third-party (B-series)","","","","VERIFY","Rights not confirmed at filing time.","LeafScorch / UMD","UMD","granted","clear","Book 4, LSE_VOLUME_3_CROPS_IPM_DIAGNOSTICS_SOURCE.html","825x1100","1538","C:\Users\dstor\lse-repo\assets\B30_036__LSE_FOUND_B27_ABIOTIC_Bean_PesticideBurn_LeafScorch_UMD_VERIFY.png"
"B30_037__LSE_FOUND_B27_ABIOTIC_VegetableTransplant_ColdFreezeDamage_WhiteLeaves_UMD_VERIFY.jpg","third-party (B-series)","","","","VERIFY","Rights not confirmed at filing time.","WhiteLeaves / UMD","UMD","granted","clear","Book 4, LSE_VOLUME_3_CROPS_IPM_DIAGNOSTICS_SOURCE.html","472x328","21","C:\Users\dstor\lse-repo\assets\B30_037__LSE_FOUND_B27_ABIOTIC_VegetableTransplant_ColdFreezeDamage_WhiteLeaves_UMD_VERIFY.jpg"
"B30_038__LSE_FOUND_B27_ABIOTIC_Tomato_FertilizerBurn_YoungLeafScorch_UMD_VERIFY.jpg","third-party (B-series)","","","","VERIFY","Rights not confirmed at filing time.","YoungLeafScorch / UMD","UMD","granted","clear","Book 4, LSE_VOLUME_3_CROPS_IPM_DIAGNOSTICS_SOURCE.html","400x300","19","C:\Users\dstor\lse-repo\assets\B30_038__LSE_FOUND_B27_ABIOTIC_Tomato_FertilizerBurn_YoungLeafScorch_UMD_VERIFY.jpg"
"B30_039__LSE_FOUND_B27_ABIOTIC_Tomato_FlumioxazinDrift_FruitNecrosis_NCSU-CC-BY-NC-SA_REJECT.png","third-party (B-series)","","","","REJECT","Flagged unusable. Replace, or re-rule if the flag predates the free non-commercial decision.","FruitNecrosis / NCSU-CC-BY-NC-SA","NCSU","PENDING - no reply on record","BLOCKER","Book 4, LSE_VOLUME_3_CROPS_IPM_DIAGNOSTICS_SOURCE.html","389x386","186","C:\Users\dstor\lse-repo\assets\B30_039__LSE_FOUND_B27_ABIOTIC_Tomato_FlumioxazinDrift_FruitNecrosis_NCSU-CC-BY-NC-SA_REJECT.png"
"B30_040__LSE_FOUND_B27_ABIOTIC_Tomato_FlumioxazinDrift_FoliageStemNecrosis_NCSU-CC-BY-NC-SA_REJECT.png","third-party (B-series)","","","","REJECT","Flagged unusable. Replace, or re-rule if the flag predates the free non-commercial decision.","FoliageStemNecrosis / NCSU-CC-BY-NC-SA","NCSU","PENDING - no reply on record","BLOCKER","Book 4, LSE_VOLUME_3_CROPS_IPM_DIAGNOSTICS_SOURCE.html","556x553","448","C:\Users\dstor\lse-repo\assets\B30_040__LSE_FOUND_B27_ABIOTIC_Tomato_FlumioxazinDrift_FoliageStemNecrosis_NCSU-CC-BY-NC-SA_REJECT.png"
"B30_045__LSE_FOUND_B28_ABIOTIC_Tomato_HailDamage_FruitBruisesHoles_DwightSipler_CC-BY-2.0.jpg","third-party (B-series)","CC-BY-2","BY","Attribution 2.0","","","FruitBruisesHoles / DwightSipler","","","clear","Book 4, LSE_VOLUME_3_CROPS_IPM_DIAGNOSTICS_SOURCE.html","665x1000","90","C:\Users\dstor\lse-repo\assets\B30_045__LSE_FOUND_B28_ABIOTIC_Tomato_HailDamage_FruitBruisesHoles_DwightSipler_CC-BY-2.0.jpg"
"B30_046__LSE_FOUND_B28_ROOTS_Tomato_BacterialWilt_StemCrossSection_ClemsonUSDA_CC-BY-3.0.jpg","third-party (B-series)","CC-BY-3","BY","Attribution 3.0","","","StemCrossSection / ClemsonUSDA","","","clear","Book 4, LSE_VOLUME_3_CROPS_IPM_DIAGNOSTICS_SOURCE.html","1000x966","107","C:\Users\dstor\lse-repo\assets\B30_046__LSE_FOUND_B28_ROOTS_Tomato_BacterialWilt_StemCrossSection_ClemsonUSDA_CC-BY-3.0.jpg"
"B30_047__LSE_FOUND_B28_DISEASE_Tomato_RhizoctoniaSolani_FruitRotBlackLesions_JGK_hn_CC-BY-3.0.jpg","third-party (B-series)","CC-BY-3","BY","Attribution 3.0","","","JGK / hn","","","clear","Book 4, LSE_VOLUME_3_CROPS_IPM_DIAGNOSTICS_SOURCE.html","685x999","104","C:\Users\dstor\lse-repo\assets\B30_047__LSE_FOUND_B28_DISEASE_Tomato_RhizoctoniaSolani_FruitRotBlackLesions_JGK_hn_CC-BY-3.0.jpg"
"B30_048__LSE_FOUND_B28_PEST_Brassica_CabbageFlyMaggot_RootDamage_Kohlrabi_SchlagheckenJosef_CC-BY-4.0.jpg","third-party (B-series)","CC-BY-4","BY","Attribution 4.0","","","Kohlrabi / SchlagheckenJosef","","","clear","Book 4, LSE_VOLUME_3_CROPS_IPM_DIAGNOSTICS_SOURCE.html","1000x750","72","C:\Users\dstor\lse-repo\assets\B30_048__LSE_FOUND_B28_PEST_Brassica_CabbageFlyMaggot_RootDamage_Kohlrabi_SchlagheckenJosef_CC-BY-4.0.jpg"
"B30_049__LSE_FOUND_B28_SOIL_DroughtDrySoil_CrackingScale_VladislavNekrasov_CC-BY-4.0.jpg","third-party (B-series)","CC-BY-4","BY","Attribution 4.0","","","CrackingScale / VladislavNekrasov","","","clear","Book 1, LSE_VOLUME_1_FOUNDATIONS_SYSTEMS_SOURCE.html","999x666","94","C:\Users\dstor\lse-repo\assets\B30_049__LSE_FOUND_B28_SOIL_DroughtDrySoil_CrackingScale_VladislavNekrasov_CC-BY-4.0.jpg"
"B30_050__LSE_FOUND_B28_ABIOTIC_Tomato_FrostDamage_LeafFruitBurn_AmroBinKulthoum_CC-BY-SA-3.0.jpg","third-party (B-series)","CC-BY-SA-3","SA","ShareAlike 3.0","","","LeafFruitBurn / AmroBinKulthoum","","","check","Book 4, LSE_VOLUME_3_CROPS_IPM_DIAGNOSTICS_SOURCE.html","1000x750","169","C:\Users\dstor\lse-repo\assets\B30_050__LSE_FOUND_B28_ABIOTIC_Tomato_FrostDamage_LeafFruitBurn_AmroBinKulthoum_CC-BY-SA-3.0.jpg"
"B30_051__LSE_FOUND_B28_DISEASE_Tomato_SouthernBlight_SclerotiaAtCrown_PersleyCooke_CC-BY-SA-3.0_LOWRES.jpg","third-party (B-series)","CC-BY-SA-3","SA","ShareAlike 3.0","LOWRES","Resolution concern for print, not a rights issue.","SclerotiaAtCrown / PersleyCooke","","","check","Book 4, LSE_VOLUME_3_CROPS_IPM_DIAGNOSTICS_SOURCE.html","498x500","60","C:\Users\dstor\lse-repo\assets\B30_051__LSE_FOUND_B28_DISEASE_Tomato_SouthernBlight_SclerotiaAtCrown_PersleyCooke_CC-BY-SA-3.0_LOWRES.jpg"
"B30_052__LSE_FOUND_B28_PEST_Brassica_CabbageFlyLarva_StalkDamage_PakChoi_SchlagheckenJosef_CC-BY-SA-4.0.jpg","third-party (B-series)","CC-BY-SA-4","SA","ShareAlike 4.0","","","PakChoi / SchlagheckenJosef","","","check","Book 4, LSE_VOLUME_3_CROPS_IPM_DIAGNOSTICS_SOURCE.html","1000x750","180","C:\Users\dstor\lse-repo\assets\B30_052__LSE_FOUND_B28_PEST_Brassica_CabbageFlyLarva_StalkDamage_PakChoi_SchlagheckenJosef_CC-BY-SA-4.0.jpg"
"B30_053__LSE_FOUND_B28_PEST_Brassica_DeliaRadicum_MaggotPupaLifeStages_Rasbak_CC-BY-SA-GFDL.jpg","third-party (B-series)","CC-BY-SA-GFDL","SA","ShareAlike + GFDL dual license","","","MaggotPupaLifeStages / Rasbak","","","check","Book 4, LSE_VOLUME_3_CROPS_IPM_DIAGNOSTICS_SOURCE.html","1000x784","152","C:\Users\dstor\lse-repo\assets\B30_053__LSE_FOUND_B28_PEST_Brassica_DeliaRadicum_MaggotPupaLifeStages_Rasbak_CC-BY-SA-GFDL.jpg"
"B30_054__LSE_FOUND_B28_PEST_SquashVineBorer_FrassAtStem_Pollinator_CC-BY-2.5_CONDITIONAL.jpg","third-party (B-series)","CC-BY-2","BY","Attribution 2.0","CONDITIONAL","Usable under stated conditions. Conditions must be recorded.","FrassAtStem / Pollinator","","","check","Book 4, LSE_VOLUME_3_CROPS_IPM_DIAGNOSTICS_SOURCE.html","1000x986","132","C:\Users\dstor\lse-repo\assets\B30_054__LSE_FOUND_B28_PEST_SquashVineBorer_FrassAtStem_Pollinator_CC-BY-2.5_CONDITIONAL.jpg"
"B30_055__LSE_FOUND_B28_PEST_SquashVineBorer_LarvaeSplitStemFrass_Pollinator_CC-BY-2.5_CONDITIONAL.jpg","third-party (B-series)","CC-BY-2","BY","Attribution 2.0","CONDITIONAL","Usable under stated conditions. Conditions must be recorded.","LarvaeSplitStemFrass / Pollinator","","","check","Book 4, LSE_VOLUME_3_CROPS_IPM_DIAGNOSTICS_SOURCE.html","1000x750","122","C:\Users\dstor\lse-repo\assets\B30_055__LSE_FOUND_B28_PEST_SquashVineBorer_LarvaeSplitStemFrass_Pollinator_CC-BY-2.5_CONDITIONAL.jpg"
"B30_056__LSE_FOUND_B28_ABIOTIC_FertilizerBurn_LeafScorchPattern_CannabisCropMismatch_Fenrisulfir_CC-BY-SA-GFDL.jpg","third-party (B-series)","CC-BY-SA-GFDL","SA","ShareAlike + GFDL dual license","","","CannabisCropMismatch / Fenrisulfir","","","check","Book 4, LSE_VOLUME_3_CROPS_IPM_DIAGNOSTICS_SOURCE.html","1301x1925","432","C:\Users\dstor\lse-repo\assets\B30_056__LSE_FOUND_B28_ABIOTIC_FertilizerBurn_LeafScorchPattern_CannabisCropMismatch_Fenrisulfir_CC-BY-SA-GFDL.jpg"
"B30_067__LSE_FOUND_B29_ABIOTIC_ContainerHerbs_SaltBuildup_WhiteSaltCrust_DianeMays_CC-BY-2.0.jpg","third-party (B-series)","CC-BY-2","BY","Attribution 2.0","","","WhiteSaltCrust / DianeMays","","","clear","Book 1, LSE_VOLUME_1_FOUNDATIONS_SYSTEMS_SOURCE.html","600x450","27","C:\Users\dstor\lse-repo\assets\B30_067__LSE_FOUND_B29_ABIOTIC_ContainerHerbs_SaltBuildup_WhiteSaltCrust_DianeMays_CC-BY-2.0.jpg"
"B30_068__LSE_FOUND_B29_PRACTICAL_ContainerVegetables_ReservoirSpace_WateringDepth_KathleenMoore_CC-BY-2.0.jpg","third-party (B-series)","CC-BY-2","BY","Attribution 2.0","","","WateringDepth / KathleenMoore","","","clear","Book 1, LSE_VOLUME_1_FOUNDATIONS_SYSTEMS_SOURCE.html","450x600","41","C:\Users\dstor\lse-repo\assets\B30_068__LSE_FOUND_B29_PRACTICAL_ContainerVegetables_ReservoirSpace_WateringDepth_KathleenMoore_CC-BY-2.0.jpg"
"B30_069__LSE_FOUND_B29_PRACTICAL_SmallSpaceVegetables_OutdoorRailingContainers_LucyBradley_CC-BY-2.0.jpg","third-party (B-series)","CC-BY-2","BY","Attribution 2.0","","","OutdoorRailingContainers / LucyBradley","","","clear","Book 1, LSE_VOLUME_1_FOUNDATIONS_SYSTEMS_SOURCE.html","600x448","55","C:\Users\dstor\lse-repo\assets\B30_069__LSE_FOUND_B29_PRACTICAL_SmallSpaceVegetables_OutdoorRailingContainers_LucyBradley_CC-BY-2.0.jpg"
"B30_070__LSE_FOUND_B29_ABIOTIC_Tomato_HerbicideResidue_CuppedNewGrowth_VCE_PublicUse.jpg","third-party (B-series)","PublicUse","PD?","Marked public use, verify the terms","","","CuppedNewGrowth / VCE","VCE","","check","Book 4, LSE_VOLUME_3_CROPS_IPM_DIAGNOSTICS_SOURCE.html","800x560","102","C:\Users\dstor\lse-repo\assets\B30_070__LSE_FOUND_B29_ABIOTIC_Tomato_HerbicideResidue_CuppedNewGrowth_VCE_PublicUse.jpg"
"B30_071__LSE_FOUND_B29_ABIOTIC_Bean_HerbicideInjury_EpinastySwollenStems_VCE_PublicUse.jpg","third-party (B-series)","PublicUse","PD?","Marked public use, verify the terms","","","EpinastySwollenStems / VCE","VCE","","check","Book 4, LSE_VOLUME_3_CROPS_IPM_DIAGNOSTICS_SOURCE.html","800x566","105","C:\Users\dstor\lse-repo\assets\B30_071__LSE_FOUND_B29_ABIOTIC_Bean_HerbicideInjury_EpinastySwollenStems_VCE_PublicUse.jpg"
"B30_072__LSE_FOUND_B29_ABIOTIC_Squash_HerbicideResidue_FieldEpinastyTwisting_VCE_PublicUse.jpg","third-party (B-series)","PublicUse","PD?","Marked public use, verify the terms","","","FieldEpinastyTwisting / VCE","VCE","","check","Book 4, LSE_VOLUME_3_CROPS_IPM_DIAGNOSTICS_SOURCE.html","800x418","122","C:\Users\dstor\lse-repo\assets\B30_072__LSE_FOUND_B29_ABIOTIC_Squash_HerbicideResidue_FieldEpinastyTwisting_VCE_PublicUse.jpg"
"B30_073__LSE_FOUND_B29_PRACTICAL_RowCover_LowTunnel_FabricOverHoops_KathleenMoore_CC-BY-2.0.jpg","third-party (B-series)","CC-BY-2","BY","Attribution 2.0","","","FabricOverHoops / KathleenMoore","","","clear","Book 4, LSE_VOLUME_3_CROPS_IPM_DIAGNOSTICS_SOURCE.html","600x450","60","C:\Users\dstor\lse-repo\assets\B30_073__LSE_FOUND_B29_PRACTICAL_RowCover_LowTunnel_FabricOverHoops_KathleenMoore_CC-BY-2.0.jpg"
"B30_074__LSE_FOUND_B29_PRACTICAL_HighTunnel_Vegetables_RollUpVentilation_KathleenMoore_CC-BY-2.0.jpg","third-party (B-series)","CC-BY-2","BY","Attribution 2.0","","","RollUpVentilation / KathleenMoore","","","clear","Book 1, LSE_VOLUME_1_FOUNDATIONS_SYSTEMS_SOURCE.html","450x600","62","C:\Users\dstor\lse-repo\assets\B30_074__LSE_FOUND_B29_PRACTICAL_HighTunnel_Vegetables_RollUpVentilation_KathleenMoore_CC-BY-2.0.jpg"
"B30_075__LSE_FOUND_B29_PRACTICAL_HerbsLettuce_ColdFrame_OpenLid_ChrisAlberti_CC-BY-2.0.jpg","third-party (B-series)","CC-BY-2","BY","Attribution 2.0","","","OpenLid / ChrisAlberti","","","clear","Book 1, LSE_VOLUME_1_FOUNDATIONS_SYSTEMS_SOURCE.html","400x600","39","C:\Users\dstor\lse-repo\assets\B30_075__LSE_FOUND_B29_PRACTICAL_HerbsLettuce_ColdFrame_OpenLid_ChrisAlberti_CC-BY-2.0.jpg"
"B30_076__LSE_FOUND_B29_ROOTS_ContainerRootbound_GirdledRoots_BrendanLandis_CC-BY-SA-2.0.jpg","third-party (B-series)","CC-BY-SA-2","SA","ShareAlike 2.0","","","GirdledRoots / BrendanLandis","","","check","Book 4, LSE_VOLUME_3_CROPS_IPM_DIAGNOSTICS_SOURCE.html","452x600","57","C:\Users\dstor\lse-repo\assets\B30_076__LSE_FOUND_B29_ROOTS_ContainerRootbound_GirdledRoots_BrendanLandis_CC-BY-SA-2.0.jpg"
"B30_077__LSE_FOUND_B29_HOLD_ABIOTIC_Squash_PesticideBurn_Phytotoxicity_UMD_VERIFY.jpg","third-party (B-series)","","","","VERIFY","Rights not confirmed at filing time.","Phytotoxicity / UMD","UMD","granted","clear","Book 4, LSE_VOLUME_3_CROPS_IPM_DIAGNOSTICS_SOURCE.html","1000x664","80","C:\Users\dstor\lse-repo\assets\B30_077__LSE_FOUND_B29_HOLD_ABIOTIC_Squash_PesticideBurn_Phytotoxicity_UMD_VERIFY.jpg"
"B30_078__LSE_FOUND_B29_HOLD_ABIOTIC_Bean_PesticideBurn_ScorchedLeaves_UMD_VERIFY.png","third-party (B-series)","","","","VERIFY","Rights not confirmed at filing time.","ScorchedLeaves / UMD","UMD","granted","clear","Book 4, LSE_VOLUME_3_CROPS_IPM_DIAGNOSTICS_SOURCE.html","825x1100","1538","C:\Users\dstor\lse-repo\assets\B30_078__LSE_FOUND_B29_HOLD_ABIOTIC_Bean_PesticideBurn_ScorchedLeaves_UMD_VERIFY.png"
"B30_079__LSE_FOUND_B29_HOLD_PEST_Okra_StinkBugDamage_TwistedPods_Clemson_PERMISSION.jpg","third-party (B-series)","","","","PERMISSION","Depends on an individual permission grant. Must match LSE_RIGHTS_LEDGER.md.","TwistedPods / Clemson","Clemson","granted","clear","Book 4, LSE_VOLUME_3_CROPS_IPM_DIAGNOSTICS_SOURCE.html","331x240","12","C:\Users\dstor\lse-repo\assets\B30_079__LSE_FOUND_B29_HOLD_PEST_Okra_StinkBugDamage_TwistedPods_Clemson_PERMISSION.jpg"
"B30_080__LSE_FOUND_B29_HOLD_ROOTS_Basil_RhizoctoniaRootRot_DarkRoots_MSU_PERMISSION.jpg","third-party (B-series)","","","","PERMISSION","Depends on an individual permission grant. Must match LSE_RIGHTS_LEDGER.md.","DarkRoots / MSU","MSU","NO LEDGER ENTRY","BLOCKER","Book 1, LSE_VOLUME_1_FOUNDATIONS_SYSTEMS_SOURCE.html","288x375","18","C:\Users\dstor\lse-repo\assets\B30_080__LSE_FOUND_B29_HOLD_ROOTS_Basil_RhizoctoniaRootRot_DarkRoots_MSU_PERMISSION.jpg"
"B30_081__LSE_FOUND_B29_HOLD_ROOTS_Strawberry_BlackRootRot_HealthyVsDiseased_NCSU_PERMISSION.jpg","third-party (B-series)","","","","PERMISSION","Depends on an individual permission grant. Must match LSE_RIGHTS_LEDGER.md.","HealthyVsDiseased / NCSU","NCSU","PENDING - no reply on record","BLOCKER","Book 1, LSE_VOLUME_1_FOUNDATIONS_SYSTEMS_SOURCE.html","600x520","63","C:\Users\dstor\lse-repo\assets\B30_081__LSE_FOUND_B29_HOLD_ROOTS_Strawberry_BlackRootRot_HealthyVsDiseased_NCSU_PERMISSION.jpg"
"B30_082__LSE_FOUND_B29_HOLD_DISEASE_Tomato_BacterialWilt_StreamingTest_UAEX_PERMISSION.jpg","third-party (B-series)","","","","PERMISSION","Depends on an individual permission grant. Must match LSE_RIGHTS_LEDGER.md.","StreamingTest / UAEX","UAEX","granted","clear","Book 4, LSE_VOLUME_3_CROPS_IPM_DIAGNOSTICS_SOURCE.html","751x1000","88","C:\Users\dstor\lse-repo\assets\B30_082__LSE_FOUND_B29_HOLD_DISEASE_Tomato_BacterialWilt_StreamingTest_UAEX_PERMISSION.jpg"
"LSE_A02_Soil_Food_Web_Functional_Map_Ch02.png","self-created (figure)","","","","","","","","","self","Book 1, LSE_VOLUME_1_FOUNDATIONS_SYSTEMS_SOURCE.html","1024x1536","3206","C:\Users\dstor\lse-repo\assets\lse_figures\LSE_A02_Soil_Food_Web_Functional_Map_Ch02.png"
"LSE_A04_Mycorrhizal_Exchange_Defense_Priming_Ch06.png","self-created (figure)","","","","","","","","","self","Book 1, LSE_VOLUME_1_FOUNDATIONS_SYSTEMS_SOURCE.html","1122x1402","2641","C:\Users\dstor\lse-repo\assets\lse_figures\LSE_A04_Mycorrhizal_Exchange_Defense_Priming_Ch06.png"
"LSE_A05_Regenerative_Permaculture_Garden_System_Ch08.png","self-created (figure)","","","","","","","","","self","Book 1, LSE_VOLUME_1_FOUNDATIONS_SYSTEMS_SOURCE.html","1024x1536","3503","C:\Users\dstor\lse-repo\assets\lse_figures\LSE_A05_Regenerative_Permaculture_Garden_System_Ch08.png"
"LSE_A06_Compost_Microscope_Soil_Food_Web_Workflow_Ch09.png","self-created (figure)","","","","","","","","","self","Book 1, LSE_VOLUME_1_FOUNDATIONS_SYSTEMS_SOURCE.html","1536x1024","2472","C:\Users\dstor\lse-repo\assets\lse_figures\LSE_A06_Compost_Microscope_Soil_Food_Web_Workflow_Ch09.png"
"LSE_A09_Compost_Maturity_Contamination_Inspection_Ch13.png","self-created (figure)","","","","","","","","","self","Book 2","1122x1402","2555","C:\Users\dstor\lse-repo\assets\lse_figures\LSE_A09_Compost_Maturity_Contamination_Inspection_Ch13.png"
"LSE_A10_Brews_Teas_Ferments_Safety_Station_Ch19.png","self-created (figure)","","","","","","","","","self","Book 2","1122x1402","2511","C:\Users\dstor\lse-repo\assets\lse_figures\LSE_A10_Brews_Teas_Ferments_Safety_Station_Ch19.png"
"LSE_A12_Living_Soil_Container_Cross_Section_Ch22.png","self-created (figure)","","","","","","","","","self","Book 1, LSE_VOLUME_1_FOUNDATIONS_SYSTEMS_SOURCE.html","1122x1402","2410","C:\Users\dstor\lse-repo\assets\lse_figures\LSE_A12_Living_Soil_Container_Cross_Section_Ch22.png"
"LSE_A13_Cover_Crop_Function_Root_Architecture_Plate_Ch25.png","self-created (figure)","","","","","","","","","self","Book 1, LSE_VOLUME_1_FOUNDATIONS_SYSTEMS_SOURCE.html","1122x1402","2790","C:\Users\dstor\lse-repo\assets\lse_figures\LSE_A13_Cover_Crop_Function_Root_Architecture_Plate_Ch25.png"
"LSE_A14_Insectary_Pollinator_Guild_Ch28.png","self-created (figure)","","","","","","","","","self","Book 3, LSE_VOLUME_3_CROPS_IPM_DIAGNOSTICS_SOURCE.html","1122x1402","2989","C:\Users\dstor\lse-repo\assets\lse_figures\LSE_A14_Insectary_Pollinator_Guild_Ch28.png"
"LSE_A15_Crop_Family_Rotation_Map_Ch29.png","self-created (figure)","","","","","","","","","self","Book 3, LSE_VOLUME_3_CROPS_IPM_DIAGNOSTICS_SOURCE.html","1122x1402","2657","C:\Users\dstor\lse-repo\assets\lse_figures\LSE_A15_Crop_Family_Rotation_Map_Ch29.png"
"LSE_A17_Hoop_House_Season_Extension_Setup_Ch36.png","self-created (figure)","","","","","","","","","self","Book 1, LSE_VOLUME_1_FOUNDATIONS_SYSTEMS_SOURCE.html","1024x1536","3084","C:\Users\dstor\lse-repo\assets\lse_figures\LSE_A17_Hoop_House_Season_Extension_Setup_Ch36.png"
"LSE_A18_IPM_Pyramid_Scouting_Ch39.png","self-created (figure)","","","","","","","","","self","Book 1, LSE_VOLUME_1_FOUNDATIONS_SYSTEMS_SOURCE.html","1122x1402","2481","C:\Users\dstor\lse-repo\assets\lse_figures\LSE_A18_IPM_Pyramid_Scouting_Ch39.png"
"LSE_A20_Soil_Microscopy_Workflow_Ch44.png","self-created (figure)","","","","","","","","","self","Book 1, LSE_VOLUME_3_CROPS_IPM_DIAGNOSTICS_SOURCE.html","1122x1402","2235","C:\Users\dstor\lse-repo\assets\lse_figures\LSE_A20_Soil_Microscopy_Workflow_Ch44.png"
"LSE_B02_Predator_Driven_Nitrogen_Mineralization_Loop_Ch05.png","self-created (figure)","","","","","","","","","self","Book 1, LSE_VOLUME_1_FOUNDATIONS_SYSTEMS_SOURCE.html","1254x1254","2450","C:\Users\dstor\lse-repo\assets\lse_figures\LSE_B02_Predator_Driven_Nitrogen_Mineralization_Loop_Ch05.png"
"LSE_B03_Nematode_Mouthpart_Comparison_Ch05_44.png","self-created (figure)","","","","","","","","","self","Book 1, LSE_VOLUME_1_FOUNDATIONS_SYSTEMS_SOURCE.html","1122x1402","2533","C:\Users\dstor\lse-repo\assets\lse_figures\LSE_B03_Nematode_Mouthpart_Comparison_Ch05_44.png"
"LSE_B05_Mycorrhizal_Inoculation_Failure_Modes_Ch06_17.png","self-created (figure)","","","","","","","","","self","Book 1, LSE_VOLUME_1_FOUNDATIONS_SYSTEMS_SOURCE.html","1149x1369","2544","C:\Users\dstor\lse-repo\assets\lse_figures\LSE_B05_Mycorrhizal_Inoculation_Failure_Modes_Ch06_17.png"
"LSE_B06_Fungal_Bacterial_Succession_Strip_Ch07.png","self-created (figure)","","","","","","","","","self","Book 1, LSE_VOLUME_1_FOUNDATIONS_SYSTEMS_SOURCE.html","1536x1024","2924","C:\Users\dstor\lse-repo\assets\lse_figures\LSE_B06_Fungal_Bacterial_Succession_Strip_Ch07.png"
"LSE_B07_Five_Soil_Health_Principles_Wheel_Ch08.png","self-created (figure)","","","","","","","","","self","Book 1, LSE_VOLUME_1_FOUNDATIONS_SYSTEMS_SOURCE.html","1254x1254","2949","C:\Users\dstor\lse-repo\assets\lse_figures\LSE_B07_Five_Soil_Health_Principles_Wheel_Ch08.png"
"LSE_B08_Thermal_Compost_Process_Ch09_Ch13.png","self-created (figure)","","","","","","","","","self","Book 1, LSE_VOLUME_1_FOUNDATIONS_SYSTEMS_SOURCE.html","1149x1369","2397","C:\Users\dstor\lse-repo\assets\lse_figures\LSE_B08_Thermal_Compost_Process_Ch09_Ch13.png"
"LSE_B09_Compost_Extract_vs_AACT_Ch09_19.png","self-created (figure)","","","","","","","","","self","Book 1, LSE_VOLUME_1_FOUNDATIONS_SYSTEMS_SOURCE.html","1149x1369","1905","C:\Users\dstor\lse-repo\assets\lse_figures\LSE_B09_Compost_Extract_vs_AACT_Ch09_19.png"
"LSE_B10_Coots_Mix_1_1_1_Triangle_Ch10_23.png","self-created (figure)","","","","","","","","","self","Book 1, LSE_VOLUME_1_FOUNDATIONS_SYSTEMS_SOURCE.html","1254x1254","2531","C:\Users\dstor\lse-repo\assets\lse_figures\LSE_B10_Coots_Mix_1_1_1_Triangle_Ch10_23.png"
"LSE_B11_Plant_Health_Pyramid_Evidence_Boundary_Ch11_Ch41.png","self-created (figure)","","","","","","","","","self","Book 1, LSE_VOLUME_1_FOUNDATIONS_SYSTEMS_SOURCE.html","1122x1402","2780","C:\Users\dstor\lse-repo\assets\lse_figures\LSE_B11_Plant_Health_Pyramid_Evidence_Boundary_Ch11_Ch41.png"
"LSE_B12_KNF_IMO_1_4_Workflow_Ch12_Ch19.png","self-created (figure)","","","","","","","","","self","Book 1, LSE_VOLUME_1_FOUNDATIONS_SYSTEMS_SOURCE.html","1122x1402","2440","C:\Users\dstor\lse-repo\assets\lse_figures\LSE_B12_KNF_IMO_1_4_Workflow_Ch12_Ch19.png"
"LSE_B13_JADAM_Safety_Plate_Ch12_19_41.png","self-created (figure)","","","","","","","","","self","Book 1, LSE_VOLUME_1_FOUNDATIONS_SYSTEMS_SOURCE.html","1149x1369","2157","C:\Users\dstor\lse-repo\assets\lse_figures\LSE_B13_JADAM_Safety_Plate_Ch12_19_41.png"
"LSE_B15_Lime_Gypsum_Sulfur_Decision_Tree_Ch14.png","self-created (figure)","","","","","","","","","self","Book 2","1199x1312","1756","C:\Users\dstor\lse-repo\assets\lse_figures\LSE_B15_Lime_Gypsum_Sulfur_Decision_Tree_Ch14.png"
"LSE_B16_Trace_Element_Deficiency_vs_Toxicity_Ch14.png","self-created (figure)","","","","","","","","","self","Book 1, LSE_VOLUME_1_FOUNDATIONS_SYSTEMS_SOURCE.html","1402x1122","2396","C:\Users\dstor\lse-repo\assets\lse_figures\LSE_B16_Trace_Element_Deficiency_vs_Toxicity_Ch14.png"
"LSE_B17_Microbial_Inoculant_Viability_Root_Contact_Ch17.png","self-created (figure)","","","","","","","","","self","Book 2","1199x1312","2313","C:\Users\dstor\lse-repo\assets\lse_figures\LSE_B17_Microbial_Inoculant_Viability_Root_Contact_Ch17.png"
"LSE_B18_Raw_vs_Charged_Biochar_Ch18.png","self-created (figure)","","","","","","","","","self","Book 2","1197x1315","2630","C:\Users\dstor\lse-repo\assets\lse_figures\LSE_B18_Raw_vs_Charged_Biochar_Ch18.png"
"LSE_B21_Soil_Recipe_Matrix_By_Crop_Type_Ch23.png","self-created (figure)","","","","","","","","","self","Book 1, LSE_VOLUME_1_FOUNDATIONS_SYSTEMS_SOURCE.html","1536x1024","1869","C:\Users\dstor\lse-repo\assets\lse_figures\LSE_B21_Soil_Recipe_Matrix_By_Crop_Type_Ch23.png"
"LSE_B22_Top_Dress_Layer_Cake_Ch24.png","self-created (figure)","","","","","","","","","self","Book 1, LSE_VOLUME_1_FOUNDATIONS_SYSTEMS_SOURCE.html","1195x1316","2638","C:\Users\dstor\lse-repo\assets\lse_figures\LSE_B22_Top_Dress_Layer_Cake_Ch24.png"
"LSE_B23_Cover_Crop_Selector_North_Texas_Ch25.png","self-created (figure)","","","","","","","","","self","Book 1, LSE_VOLUME_1_FOUNDATIONS_SYSTEMS_SOURCE.html","1402x1122","2184","C:\Users\dstor\lse-repo\assets\lse_figures\LSE_B23_Cover_Crop_Selector_North_Texas_Ch25.png"
"LSE_B24_Companion_Planting_Mechanism_vs_Folklore_Ch26.png","self-created (figure)","","","","","","","","","self","Book 3, LSE_VOLUME_3_CROPS_IPM_DIAGNOSTICS_SOURCE.html","1024x1536","2586","C:\Users\dstor\lse-repo\assets\lse_figures\LSE_B24_Companion_Planting_Mechanism_vs_Folklore_Ch26.png"
"LSE_B25_Seven_Layer_Guild_Design_Texas_Peach_Ch27.png","self-created (figure)","","","","","","","","","self","Book 3, LSE_VOLUME_3_CROPS_IPM_DIAGNOSTICS_SOURCE.html","1149x1369","2683","C:\Users\dstor\lse-repo\assets\lse_figures\LSE_B25_Seven_Layer_Guild_Design_Texas_Peach_Ch27.png"
"LSE_B26_Flower_Architecture_For_Beneficial_Insects_Ch28_40.png","self-created (figure)","","","","","","","","","self","Book 3, LSE_VOLUME_3_CROPS_IPM_DIAGNOSTICS_SOURCE.html","1198x1313","2406","C:\Users\dstor\lse-repo\assets\lse_figures\LSE_B26_Flower_Architecture_For_Beneficial_Insects_Ch28_40.png"
"LSE_B28_North_Texas_Bed_Pivot_Calendar_Ch25_Ch29_Ch30.png","self-created (figure)","","","","","","","","","self","Book 3, LSE_VOLUME_3_CROPS_IPM_DIAGNOSTICS_SOURCE.html","1536x1024","2876","C:\Users\dstor\lse-repo\assets\lse_figures\LSE_B28_North_Texas_Bed_Pivot_Calendar_Ch25_Ch29_Ch30.png"
"LSE_B29_Herb_Grouping_Matrix_Ch31.png","self-created (figure)","","","","","","","","","self","Book 3, LSE_VOLUME_3_CROPS_IPM_DIAGNOSTICS_SOURCE.html","1402x1122","1783","C:\Users\dstor\lse-repo\assets\lse_figures\LSE_B29_Herb_Grouping_Matrix_Ch31.png"
"LSE_B30_Irrigation_Systems_Compared_Ch34.png","self-created (figure)","","","","","","","","","self","Book 1, LSE_VOLUME_1_FOUNDATIONS_SYSTEMS_SOURCE.html","1536x1024","2477","C:\Users\dstor\lse-repo\assets\lse_figures\LSE_B30_Irrigation_Systems_Compared_Ch34.png"
"LSE_B32_Tool_Sanitation_Workflow_Ch38_49.png","self-created (figure)","","","","","","","","","self","Book 1, LSE_VOLUME_1_FOUNDATIONS_SYSTEMS_SOURCE.html","1195x1316","2251","C:\Users\dstor\lse-repo\assets\lse_figures\LSE_B32_Tool_Sanitation_Workflow_Ch38_49.png"
"LSE_B33_Beneficial_Insect_Lifecycle_Plate_Ch40.png","self-created (figure)","","","","","","","","","self","Book 4, LSE_VOLUME_3_CROPS_IPM_DIAGNOSTICS_SOURCE.html","1536x1024","2718","C:\Users\dstor\lse-repo\assets\lse_figures\LSE_B33_Beneficial_Insect_Lifecycle_Plate_Ch40.png"
"LSE_B36_Yellowing_Leaves_Decision_Tree_AppB.png","self-created (figure)","","","","","","","","","self","Book 5","1024x1536","2878","C:\Users\dstor\lse-repo\assets\lse_figures\LSE_B36_Yellowing_Leaves_Decision_Tree_AppB.png"
"LSE_C01_Annual_Soil_Building_Calendar_Ch49_AppC.png","self-created (figure)","","","","","","","","","self","Book 5","1536x1024","2250","C:\Users\dstor\lse-repo\assets\lse_figures\LSE_C01_Annual_Soil_Building_Calendar_Ch49_AppC.png"
"LSE_C02_Seed_Starting_Hardening_Off_Workflow_Ch49.png","self-created (figure)","","","","","","","","","self","Book 1, LSE_VOLUME_1_FOUNDATIONS_SYSTEMS_SOURCE.html","1536x1024","2262","C:\Users\dstor\lse-repo\assets\lse_figures\LSE_C02_Seed_Starting_Hardening_Off_Workflow_Ch49.png"
"LSE_C03_Daily_Weekly_Scouting_Route_Ch39_Ch49.png","self-created (figure)","","","","","","","","","self","Book 4, LSE_VOLUME_3_CROPS_IPM_DIAGNOSTICS_SOURCE.html","1536x1024","3259","C:\Users\dstor\lse-repo\assets\lse_figures\LSE_C03_Daily_Weekly_Scouting_Route_Ch39_Ch49.png"
"LSE_C05_Irrigation_Maintenance_Checklist_Ch34_35_49.png","self-created (figure)","","","","","","","","","self","Book 1, LSE_VOLUME_1_FOUNDATIONS_SYSTEMS_SOURCE.html","1024x1536","1969","C:\Users\dstor\lse-repo\assets\lse_figures\LSE_C05_Irrigation_Maintenance_Checklist_Ch34_35_49.png"
"LSE_C06_AACT_Brewing_Safety_Workflow_Ch19_Ch49.png","self-created (figure)","","","","","","","","","self","Book 2","1024x1536","2460","C:\Users\dstor\lse-repo\assets\lse_figures\LSE_C06_AACT_Brewing_Safety_Workflow_Ch19_Ch49.png"
"LSE_C07_Harvest_Postharvest_Handling_Workflow_Ch49.png","self-created (figure)","","","","","","","","","self","Book 4, LSE_VOLUME_3_CROPS_IPM_DIAGNOSTICS_SOURCE.html","1536x1024","2262","C:\Users\dstor\lse-repo\assets\lse_figures\LSE_C07_Harvest_Postharvest_Handling_Workflow_Ch49.png"
"LSE_C08_Crop_Planning_Succession_Board_Ch29_49.png","self-created (figure)","","","","","","","","","self","Book 3, LSE_VOLUME_3_CROPS_IPM_DIAGNOSTICS_SOURCE.html","1536x1024","2424","C:\Users\dstor\lse-repo\assets\lse_figures\LSE_C08_Crop_Planning_Succession_Board_Ch29_49.png"
"LSE_C10_Refractometer_Protocol_Card_Ch47.png","self-created (figure)","","","","","","","","","self","Book 4, LSE_VOLUME_3_CROPS_IPM_DIAGNOSTICS_SOURCE.html","1536x1024","1884","C:\Users\dstor\lse-repo\assets\lse_figures\LSE_C10_Refractometer_Protocol_Card_Ch47.png"
"LSE_C12_Soil_Test_Report_Decoder_Ch45.png","self-created (figure)","","","","","","","","","self","Book 1, LSE_VOLUME_3_CROPS_IPM_DIAGNOSTICS_SOURCE.html","1536x1024","2117","C:\Users\dstor\lse-repo\assets\lse_figures\LSE_C12_Soil_Test_Report_Decoder_Ch45.png"
"LSE_C13_Mobile_vs_Immobile_Nutrient_Symptom_Map_Ch46.png","self-created (figure)","","","","","","","","","self","Book 4, LSE_VOLUME_3_CROPS_IPM_DIAGNOSTICS_SOURCE.html","1149x1369","2557","C:\Users\dstor\lse-repo\assets\lse_figures\LSE_C13_Mobile_vs_Immobile_Nutrient_Symptom_Map_Ch46.png"
"LSE_C14_Electroculture_Self_Experiment_Layout_Ch48.png","self-created (figure)","","","","","","","","","self","Book 5, LSE_VOLUME_3_CROPS_IPM_DIAGNOSTICS_SOURCE.html","1122x1402","2219","C:\Users\dstor\lse-repo\assets\lse_figures\LSE_C14_Electroculture_Self_Experiment_Layout_Ch48.png"
"LSE_C16_Herb_Barrel_Setup_Sequence_Ch31.png","self-created (figure)","","","","","","","","","self","Book 3, LSE_VOLUME_3_CROPS_IPM_DIAGNOSTICS_SOURCE.html","1536x1024","2353","C:\Users\dstor\lse-repo\assets\lse_figures\LSE_C16_Herb_Barrel_Setup_Sequence_Ch31.png"
"LSE_C17_Basil_Pruning_Downy_Mildew_Scouting_Ch31_42.png","self-created (figure)","","","","","","","","","self","Book 3, LSE_VOLUME_3_CROPS_IPM_DIAGNOSTICS_SOURCE.html","1402x1122","1943","C:\Users\dstor\lse-repo\assets\lse_figures\LSE_C17_Basil_Pruning_Downy_Mildew_Scouting_Ch31_42.png"
"LSE_C18_Cilantro_Dill_Cool_Season_Succession_Ch31.png","self-created (figure)","","","","","","","","","self","Book 3, LSE_VOLUME_3_CROPS_IPM_DIAGNOSTICS_SOURCE.html","1536x1024","2063","C:\Users\dstor\lse-repo\assets\lse_figures\LSE_C18_Cilantro_Dill_Cool_Season_Succession_Ch31.png"
"LSE_C19_Woody_Herb_Harvest_Limits_Ch31.png","self-created (figure)","","","","","","","","","self","Book 3, LSE_VOLUME_3_CROPS_IPM_DIAGNOSTICS_SOURCE.html","1536x1024","2340","C:\Users\dstor\lse-repo\assets\lse_figures\LSE_C19_Woody_Herb_Harvest_Limits_Ch31.png"
"LSE_C20_Cover_Crop_Termination_Methods_Small_Beds_Ch25.png","self-created (figure)","","","","","","","","","self","Book 1, LSE_VOLUME_1_FOUNDATIONS_SYSTEMS_SOURCE.html","1536x1024","2925","C:\Users\dstor\lse-repo\assets\lse_figures\LSE_C20_Cover_Crop_Termination_Methods_Small_Beds_Ch25.png"
"LSE_D01_Wilt_Triage_Decision_Tree_Ch42.png","self-created (figure)","","","","","","","","","self","Book 4, LSE_VOLUME_3_CROPS_IPM_DIAGNOSTICS_SOURCE.html","1122x1402","2050","C:\Users\dstor\lse-repo\assets\lse_figures\LSE_D01_Wilt_Triage_Decision_Tree_Ch42.png"
"LSE_D02_Southern_Blight_vs_White_Mold_Ch42.png","self-created (figure)","","","","","","","","","self","Book 4, LSE_VOLUME_3_CROPS_IPM_DIAGNOSTICS_SOURCE.html","1402x1122","2307","C:\Users\dstor\lse-repo\assets\lse_figures\LSE_D02_Southern_Blight_vs_White_Mold_Ch42.png"
"LSE_D03_Damping_Off_Lookalike_Plate_Ch42_49.png","self-created (figure)","","","","","","","","","self","Book 4, LSE_VOLUME_3_CROPS_IPM_DIAGNOSTICS_SOURCE.html","1402x1122","2022","C:\Users\dstor\lse-repo\assets\lse_figures\LSE_D03_Damping_Off_Lookalike_Plate_Ch42_49.png"
"LSE_D04_Root_Knot_Nematode_Diagnosis_Workflow_Ch05_Ch29_Ch42_Ch44.png","self-created (figure)","","","","","","","","","self","Book 1, LSE_VOLUME_1_FOUNDATIONS_SYSTEMS_SOURCE.html","1536x1024","2401","C:\Users\dstor\lse-repo\assets\lse_figures\LSE_D04_Root_Knot_Nematode_Diagnosis_Workflow_Ch05_Ch29_Ch42_Ch44.png"
"LSE_D05_Herbicide_Drift_Growth_Regulator_Lookalike_Plate_Ch42.png","self-created (figure)","","","","","","","","","self","Book 4, LSE_VOLUME_3_CROPS_IPM_DIAGNOSTICS_SOURCE.html","1536x1024","2581","C:\Users\dstor\lse-repo\assets\lse_figures\LSE_D05_Herbicide_Drift_Growth_Regulator_Lookalike_Plate_Ch42.png"
"LSE_D13_Squash_Vine_Borer_Scouting_Plate_Ch30_39.png","self-created (figure)","","","","","","","","","self","Book 3, LSE_VOLUME_3_CROPS_IPM_DIAGNOSTICS_SOURCE.html","1536x1024","2369","C:\Users\dstor\lse-repo\assets\lse_figures\LSE_D13_Squash_Vine_Borer_Scouting_Plate_Ch30_39.png"
"LSE_D14_Cucumber_Beetle_Bacterial_Wilt_Vector_Diagram_Ch30_Ch39_Ch42.png","self-created (figure)","","","","","","","","","self","Book 3, LSE_VOLUME_3_CROPS_IPM_DIAGNOSTICS_SOURCE.html","1536x1024","2419","C:\Users\dstor\lse-repo\assets\lse_figures\LSE_D14_Cucumber_Beetle_Bacterial_Wilt_Vector_Diagram_Ch30_Ch39_Ch42.png"
"LSE_D15_Tomato_Leaf_Spot_Lookalikes_Ch42.png","self-created (figure)","","","","","","","","","self","Book 4, LSE_VOLUME_3_CROPS_IPM_DIAGNOSTICS_SOURCE.html","1536x1024","2161","C:\Users\dstor\lse-repo\assets\lse_figures\LSE_D15_Tomato_Leaf_Spot_Lookalikes_Ch42.png"
"LSE_D16_Pepper_Abiotic_Disorders_Herbicide_Lookalikes_Ch42.png","self-created (figure)","","","","","","","","","self","Book 4, LSE_VOLUME_3_CROPS_IPM_DIAGNOSTICS_SOURCE.html","1536x1024","2432","C:\Users\dstor\lse-repo\assets\lse_figures\LSE_D16_Pepper_Abiotic_Disorders_Herbicide_Lookalikes_Ch42.png"
"LSE_D17_Okra_Pod_Injury_Hidden_Pest_Damage_Ch30.png","self-created (figure)","","","","","","","","","self","Book 3, LSE_VOLUME_3_CROPS_IPM_DIAGNOSTICS_SOURCE.html","1536x1024","2122","C:\Users\dstor\lse-repo\assets\lse_figures\LSE_D17_Okra_Pod_Injury_Hidden_Pest_Damage_Ch30.png"
"LSE_D18_Root_Inspection_Nodules_Galls_Root_Disease_Ch05_Ch29_Ch44.png","self-created (figure)","","","","","","","","","self","Book 1, LSE_VOLUME_1_FOUNDATIONS_SYSTEMS_SOURCE.html","1536x1024","2218","C:\Users\dstor\lse-repo\assets\lse_figures\LSE_D18_Root_Inspection_Nodules_Galls_Root_Disease_Ch05_Ch29_Ch44.png"
"LSE_D19_Powdery_Mildew_vs_Downy_Mildew_Ch42.png","self-created (figure)","","","","","","","","","self","Book 4, LSE_VOLUME_3_CROPS_IPM_DIAGNOSTICS_SOURCE.html","1402x1122","2478","C:\Users\dstor\lse-repo\assets\lse_figures\LSE_D19_Powdery_Mildew_vs_Downy_Mildew_Ch42.png"
"LSE_D20_Basil_Downy_Mildew_vs_Nutrient_Yellowing_Ch31_42.png","self-created (figure)","","","","","","","","","self","Book 3, LSE_VOLUME_3_CROPS_IPM_DIAGNOSTICS_SOURCE.html","1536x1024","2139","C:\Users\dstor\lse-repo\assets\lse_figures\LSE_D20_Basil_Downy_Mildew_vs_Nutrient_Yellowing_Ch31_42.png"
"LSE_E01_North_Texas_Soil_Failure_Modes_Ch20_Ch21_Ch33.png","self-created (figure)","","","","","","","","","self","Book 1, LSE_VOLUME_1_FOUNDATIONS_SYSTEMS_SOURCE.html","1536x1024","2736","C:\Users\dstor\lse-repo\assets\lse_figures\LSE_E01_North_Texas_Soil_Failure_Modes_Ch20_Ch21_Ch33.png"
"LSE_E03_Row_Cover_Low_Tunnel_Timing_Plate_Ch30_36_39.png","self-created (figure)","","","","","","","","","self","Book 3, LSE_VOLUME_3_CROPS_IPM_DIAGNOSTICS_SOURCE.html","1536x1024","2420","C:\Users\dstor\lse-repo\assets\lse_figures\LSE_E03_Row_Cover_Low_Tunnel_Timing_Plate_Ch30_36_39.png"
"LSE_E05_Barrel_Herb_Garden_Cross_Section_Ch31.png","self-created (figure)","","","","","","","","","self","Book 3, LSE_VOLUME_3_CROPS_IPM_DIAGNOSTICS_SOURCE.html","1402x1122","2152","C:\Users\dstor\lse-repo\assets\lse_figures\LSE_E05_Barrel_Herb_Garden_Cross_Section_Ch31.png"
"LSE_E06_Container_Drainage_Myth_Rocks_At_The_Bottom_Ch22_Ch31.png","self-created (figure)","","","","","","","","","self","Book 1, LSE_VOLUME_1_FOUNDATIONS_SYSTEMS_SOURCE.html","1402x1122","2090","C:\Users\dstor\lse-repo\assets\lse_figures\LSE_E06_Container_Drainage_Myth_Rocks_At_The_Bottom_Ch22_Ch31.png"
"LSE_E07_Living_Mulch_Insectary_Strip_Boundary_Ch28.png","self-created (figure)","","","","","","","","","self","Book 3, LSE_VOLUME_3_CROPS_IPM_DIAGNOSTICS_SOURCE.html","1536x1024","2808","C:\Users\dstor\lse-repo\assets\lse_figures\LSE_E07_Living_Mulch_Insectary_Strip_Boundary_Ch28.png"
"LSE_E09_Cover_Crop_Failure_Modes_Small_Beds_Ch25.png","self-created (figure)","","","","","","","","","self","Book 1, LSE_VOLUME_1_FOUNDATIONS_SYSTEMS_SOURCE.html","1536x1024","2472","C:\Users\dstor\lse-repo\assets\lse_figures\LSE_E09_Cover_Crop_Failure_Modes_Small_Beds_Ch25.png"
"LSE_E10_Pollinator_Safe_Spray_Timing_Ch28_39_41.png","self-created (figure)","","","","","","","","","self","Book 3, LSE_VOLUME_3_CROPS_IPM_DIAGNOSTICS_SOURCE.html","1536x1024","2023","C:\Users\dstor\lse-repo\assets\lse_figures\LSE_E10_Pollinator_Safe_Spray_Timing_Ch28_39_41.png"
"LSE_E11_North_Texas_Insectary_Bloom_Succession_Calendar_Ch28_40.png","self-created (figure)","","","","","","","","","self","Book 3, LSE_VOLUME_3_CROPS_IPM_DIAGNOSTICS_SOURCE.html","1536x1024","2156","C:\Users\dstor\lse-repo\assets\lse_figures\LSE_E11_North_Texas_Insectary_Bloom_Succession_Calendar_Ch28_40.png"
"LSE_E12_Trap_Crop_Decision_Nasturtium_Aphids_Ch26_Ch28_Ch39.png","self-created (figure)","","","","","","","","","self","Book 3, LSE_VOLUME_3_CROPS_IPM_DIAGNOSTICS_SOURCE.html","1536x1024","2300","C:\Users\dstor\lse-repo\assets\lse_figures\LSE_E12_Trap_Crop_Decision_Nasturtium_Aphids_Ch26_Ch28_Ch39.png"
"LSE_E14_Hoop_House_Spring_Rain_vs_Summer_Heat_Ch36.png","self-created (figure)","","","","","","","","","self","Book 1, LSE_VOLUME_1_FOUNDATIONS_SYSTEMS_SOURCE.html","1536x1024","2454","C:\Users\dstor\lse-repo\assets\lse_figures\LSE_E14_Hoop_House_Spring_Rain_vs_Summer_Heat_Ch36.png"
"LSE_E16_Light_Metrics_PPFD_DLI_Concept_Ch37.png","self-created (figure)","","","","","","","","","self","Book 1, LSE_VOLUME_1_FOUNDATIONS_SYSTEMS_SOURCE.html","1536x1024","1966","C:\Users\dstor\lse-repo\assets\lse_figures\LSE_E16_Light_Metrics_PPFD_DLI_Concept_Ch37.png"
"UCI_002_Bacterial_vs_Fungal_Soil_Dominance.png","self-created (UCI)","","","","","","","","","self","Book 1, LSE_VOLUME_1_FOUNDATIONS_SYSTEMS_SOURCE.html","1122x1402","2736","C:\Users\dstor\lse-repo\assets\user_created_web\UCI_002_Bacterial_vs_Fungal_Soil_Dominance.png"
"UCI_003_The_Nutrient_Mineralization_Loop.png","self-created (UCI)","","","","","","","","","self","Book 1, LSE_VOLUME_1_FOUNDATIONS_SYSTEMS_SOURCE.html","1190x1322","2778","C:\Users\dstor\lse-repo\assets\user_created_web\UCI_003_The_Nutrient_Mineralization_Loop.png"
"UCI_004_Soil_Nutrient_Availability.png","self-created (UCI)","","","","","","","","","self","Book 2","1402x1122","2571","C:\Users\dstor\lse-repo\assets\user_created_web\UCI_004_Soil_Nutrient_Availability.png"
"UCI_005_ISR_and_SAR_The_Plant_Immune_System.png","self-created (UCI)","","","","","","","","","self","Book 1, LSE_VOLUME_1_FOUNDATIONS_SYSTEMS_SOURCE.html","1402x1122","2584","C:\Users\dstor\lse-repo\assets\user_created_web\UCI_005_ISR_and_SAR_The_Plant_Immune_System.png"
"UCI_006_Permaculture_Zone_Map.png","self-created (UCI)","","","","","","","","","self","Book 1, LSE_VOLUME_1_FOUNDATIONS_SYSTEMS_SOURCE.html","1254x1254","2638","C:\Users\dstor\lse-repo\assets\user_created_web\UCI_006_Permaculture_Zone_Map.png"
"UCI_007_Composite_Method_Reference.png","self-created (UCI)","","","","","","","","","self","Book 1, LSE_VOLUME_1_FOUNDATIONS_SYSTEMS_SOURCE.html","1536x1024","2364","C:\Users\dstor\lse-repo\assets\user_created_web\UCI_007_Composite_Method_Reference.png"
"UCI_008_Soil_Input_Categories_Overview.png","self-created (UCI)","","","","","","","","","self","Book 2","1448x1086","1906","C:\Users\dstor\lse-repo\assets\user_created_web\UCI_008_Soil_Input_Categories_Overview.png"
"UCI_009_Fungal_Bacterial_Input_Guide.png","self-created (UCI)","","","","","","","","","self","Book 1, LSE_VOLUME_1_FOUNDATIONS_SYSTEMS_SOURCE.html","1536x1024","1894","C:\Users\dstor\lse-repo\assets\user_created_web\UCI_009_Fungal_Bacterial_Input_Guide.png"
"UCI_010_Biochar_Charging_Process.png","self-created (UCI)","","","","","","","","","self","Book 5","1448x1086","2294","C:\Users\dstor\lse-repo\assets\user_created_web\UCI_010_Biochar_Charging_Process.png"
"UCI_011_AACT_Brewing_Setup.png","self-created (UCI)","","","","","","","","","self","Book 5","1448x1086","2135","C:\Users\dstor\lse-repo\assets\user_created_web\UCI_011_AACT_Brewing_Setup.png"
"UCI_012_Raised_Bed_Cross_Section_Layers_and_Fill_Strategy.png","self-created (UCI)","","","","","","","","","self","Book 1, LSE_VOLUME_1_FOUNDATIONS_SYSTEMS_SOURCE.html","1536x1024","2698","C:\Users\dstor\lse-repo\assets\user_created_web\UCI_012_Raised_Bed_Cross_Section_Layers_and_Fill_Strategy.png"
"UCI_013_Beneficial_Insectary_Bloom_Calendar.png","self-created (UCI)","","","","","","","","","self","Book 3, LSE_VOLUME_3_CROPS_IPM_DIAGNOSTICS_SOURCE.html","1536x1024","1738","C:\Users\dstor\lse-repo\assets\user_created_web\UCI_013_Beneficial_Insectary_Bloom_Calendar.png"
"UCI_014_No_Till_Top_Dressing_Cycle.png","self-created (UCI)","","","","","","","","","self","Book 1, LSE_VOLUME_1_FOUNDATIONS_SYSTEMS_SOURCE.html","1254x1254","2261","C:\Users\dstor\lse-repo\assets\user_created_web\UCI_014_No_Till_Top_Dressing_Cycle.png"
"UCI_015_Three_Sisters_Guild.png","self-created (UCI)","","","","","","","","","self","Book 3, LSE_VOLUME_3_CROPS_IPM_DIAGNOSTICS_SOURCE.html","1254x1254","2387","C:\Users\dstor\lse-repo\assets\user_created_web\UCI_015_Three_Sisters_Guild.png"
"UCI_016_Polyculture_Guild_Design.png","self-created (UCI)","","","","","","","","","self","Book 3, LSE_VOLUME_3_CROPS_IPM_DIAGNOSTICS_SOURCE.html","1122x1402","2632","C:\Users\dstor\lse-repo\assets\user_created_web\UCI_016_Polyculture_Guild_Design.png"
"UCI_017_North_Texas_Crop_Calendar.png","self-created (UCI)","","","","","","","","","self","Book 5","1536x1024","2003","C:\Users\dstor\lse-repo\assets\user_created_web\UCI_017_North_Texas_Crop_Calendar.png"
"UCI_018_Comparing_Irrigation_Systems_for_Home_Gardens.png","self-created (UCI)","","","","","","","","","self","Book 1, LSE_VOLUME_1_FOUNDATIONS_SYSTEMS_SOURCE.html","1536x1024","2235","C:\Users\dstor\lse-repo\assets\user_created_web\UCI_018_Comparing_Irrigation_Systems_for_Home_Gardens.png"
"UCI_020_Common_Dallas_Pest_Identification_Guide.png","self-created (UCI)","","","","","","","","","self","Book 4, LSE_VOLUME_3_CROPS_IPM_DIAGNOSTICS_SOURCE.html","1536x1024","2808","C:\Users\dstor\lse-repo\assets\user_created_web\UCI_020_Common_Dallas_Pest_Identification_Guide.png"
"UCI_021_Refractometer_Use_Protocol.png","self-created (UCI)","","","","","","","","","self","LSE_INTERNAL_PRODUCTION_HOLD.html, LSE_VOLUME_1_FOUNDATIONS_SYSTEMS_SOURCE.html","1662x946","2330","C:\Users\dstor\lse-repo\assets\user_created_web\UCI_021_Refractometer_Use_Protocol.png"
"UCI_022_Irrigation_Systems_Comparison.png","self-created (UCI)","","","","","","","","","self","Book 1, LSE_VOLUME_1_FOUNDATIONS_SYSTEMS_SOURCE.html","1536x1024","2375","C:\Users\dstor\lse-repo\assets\user_created_web\UCI_022_Irrigation_Systems_Comparison.png"
"UCI_023_Soil_Test_Results_How_to_Read_Them.png","self-created (UCI)","","","","","","","","","self","Book 1, LSE_VOLUME_3_CROPS_IPM_DIAGNOSTICS_SOURCE.html","1536x1024","1658","C:\Users\dstor\lse-repo\assets\user_created_web\UCI_023_Soil_Test_Results_How_to_Read_Them.png"
"UCI_024_Rainwater_Harvesting_System_Home_Scale.png","self-created (UCI)","","","","","","","","","self","Book 1, LSE_VOLUME_1_FOUNDATIONS_SYSTEMS_SOURCE.html","1536x1024","2513","C:\Users\dstor\lse-repo\assets\user_created_web\UCI_024_Rainwater_Harvesting_System_Home_Scale.png"
"UCI_025_Brix_Monitoring_Chart.png","self-created (UCI)","","","","","","","","","self","Book 4, LSE_VOLUME_3_CROPS_IPM_DIAGNOSTICS_SOURCE.html","1536x1024","1915","C:\Users\dstor\lse-repo\assets\user_created_web\UCI_025_Brix_Monitoring_Chart.png"
"UCI_026_Electroculture_Experimental_Protocol_Layout.png","self-created (UCI)","","","","","","","","","self","Book 5, LSE_VOLUME_3_CROPS_IPM_DIAGNOSTICS_SOURCE.html","1536x1024","2322","C:\Users\dstor\lse-repo\assets\user_created_web\UCI_026_Electroculture_Experimental_Protocol_Layout.png"
"UCI_027_Plant_Electrophysiology_Electrical_Signaling_Pathways.png","self-created (UCI)","","","","","","","","","self","Book 5, LSE_VOLUME_3_CROPS_IPM_DIAGNOSTICS_SOURCE.html","1149x1369","2676","C:\Users\dstor\lse-repo\assets\user_created_web\UCI_027_Plant_Electrophysiology_Electrical_Signaling_Pathways.png"
"UCI_028_Seasonal_Planting_Calendar.png","self-created (UCI)","","","","","","","","","self","Book 3, Book 5","1536x1024","1960","C:\Users\dstor\lse-repo\assets\user_created_web\UCI_028_Seasonal_Planting_Calendar.png"
"UCI_029_Troubleshooting_Decision_Tree_Yellowing_Leaves.png","self-created (UCI)","","","","","","","","","self","Book 4, LSE_VOLUME_3_CROPS_IPM_DIAGNOSTICS_SOURCE.html","1536x1024","1586","C:\Users\dstor\lse-repo\assets\user_created_web\UCI_029_Troubleshooting_Decision_Tree_Yellowing_Leaves.png"
"UCI_030_Conversion_and_Dilution_Reference_Chart.png","self-created (UCI)","","","","","","","","","self","Book 5","1024x1536","2043","C:\Users\dstor\lse-repo\assets\user_created_web\UCI_030_Conversion_and_Dilution_Reference_Chart.png"
"UCI_031_Home_Brew_Feed_Quick_Reference_Card.png","self-created (UCI)","","","","","","","","","self","Book 2","1024x1536","2171","C:\Users\dstor\lse-repo\assets\user_created_web\UCI_031_Home_Brew_Feed_Quick_Reference_Card.png"
