expected_path,location,tier,determination,matched_source_relpath,target_ondisk_name,confidence,source_w,source_h,lowres_flag,gate_photographer,gate_license,subject_overlap,notes
assets/B30_001__LSE_FOUND_B26_ABIOTIC_Pepper_Sunscald_ExposedFruit_DonFerrin_Bugwood_CC-BY-3.jpg,assets_root,4,propose-tier4,B17_06_Pepper_Sunscald_ExposedFruit_CC-BY-3.0_DonFerrin-Bugwood.jpg,B30_001__LSE_FOUND_B26_ABIOTIC_Pepper_Sunscald_ExposedFruit_DonFerrin_Bugwood_CC-BY-3.jpg,0.8,3072,2304,,bugwood,CCBY3,don+exposed+ferrin+fruit+pepper+sunscald,GATE PASS: distinct photographer (bugwood) + license (CCBY3) + >=2 independent subject tokens (don+exposed+ferrin+fruit+pepper+sunscald). PROPOSE.
assets/B30_002__LSE_FOUND_B26_ABIOTIC_Tomato_FruitCracking_IrregularIrrigationCue_Fructibus_CC0.jpg,assets_root,4,unresolved,,B30_002__LSE_FOUND_B26_ABIOTIC_Tomato_FruitCracking_IrregularIrrigationCue_Fructibus_CC0.jpg,0.0,,,,fructibus,CC0,tomato,photographer+license gate PASS (fructibus / CC0) but subject does NOT independently corroborate (<2 shared subject tokens) — same photographer's DIFFERENT photo (B17_01_Tomato_BlossomEndRot_CC0_Fructibus.jpg). NOT proposed.
assets/B30_003__LSE_FOUND_B26_ABIOTIC_Tomato_Catfacing_FruitDeformity_ParthasarathySeethapathy_CC-BY-SA-4.jpg,assets_root,4,unresolved,,B30_003__LSE_FOUND_B26_ABIOTIC_Tomato_Catfacing_FruitDeformity_ParthasarathySeethapathy_CC-BY-SA-4.jpg,0.0,,,,,CCBYSA4,,no source passes photographer+license gate
assets/B30_004__LSE_FOUND_B26_ABIOTIC_Tomato_HailDamage_BruisedBrokenStems_DwightSipler_CC-BY-2.jpg,assets_root,4,unresolved,,B30_004__LSE_FOUND_B26_ABIOTIC_Tomato_HailDamage_BruisedBrokenStems_DwightSipler_CC-BY-2.jpg,0.0,,,,,CCBY2,,no source passes photographer+license gate
assets/B30_005__LSE_FOUND_B26_ROOTS_Container_Rootbound_CirclingRoots_B137_CC0.jpg,assets_root,4,unresolved,,B30_005__LSE_FOUND_B26_ROOTS_Container_Rootbound_CirclingRoots_B137_CC0.jpg,0.0,,,,,CC0,,no source passes photographer+license gate
assets/B30_006__LSE_FOUND_B26_ROOTS_Tomato_RootKnotNematode_GalledRoots_PlantPestsDiseases_CC0.jpg,assets_root,4,unresolved,,B30_006__LSE_FOUND_B26_ROOTS_Tomato_RootKnotNematode_GalledRoots_PlantPestsDiseases_CC0.jpg,0.0,,,,,CC0,,no source passes photographer+license gate
assets/B30_007__LSE_FOUND_B26_COMPOST_Compost_MaturityContamination_TemperatureInspection_StephenAusmus_USDA-PD.jpg,assets_root,4,unresolved,,B30_007__LSE_FOUND_B26_COMPOST_Compost_MaturityContamination_TemperatureInspection_StephenAusmus_USDA-PD.jpg,0.0,,,,ausmus+stephen,PD-USDA,,photographer+license gate PASS (ausmus+stephen / PD-USDA) but subject does NOT independently corroborate (<2 shared subject tokens) — same photographer's DIFFERENT photo (B14_04_SapFeeder_WhitefliesOnLeafUnderside_USDA-ARS_StephenAusmus_APPROVED.jpg). NOT proposed.
assets/B30_008__LSE_FOUND_B26_SOIL_AggregateStability_SlakeComparison_LanceCheung_USDA-PD.jpg,assets_root,4,unresolved,,B30_008__LSE_FOUND_B26_SOIL_AggregateStability_SlakeComparison_LanceCheung_USDA-PD.jpg,0.0,,,,cheung+lance,PD-USDA,,photographer+license gate PASS (cheung+lance / PD-USDA) but subject does NOT independently corroborate (<2 shared subject tokens) — same photographer's DIFFERENT photo (B15_13_FOUND_SeedGermination_PaperTowelQualityTest_USDA_LanceCheung_PD.jpg). NOT proposed.
assets/B30_009__LSE_FOUND_B26_WATER_DripIrrigation_WettingPattern_PeggyGreb_USDA-PD.jpg,assets_root,4,propose-tier4,B15_11_FOUND_DripWettingPattern_USDA-ARS_D1094-1_PeggyGreb.jpg,B30_009__LSE_FOUND_B26_WATER_DripIrrigation_WettingPattern_PeggyGreb_USDA-PD.jpg,0.8,427,640,LOWRES<1500,greb+peggy,PD-USDA,drip+pattern+wetting,GATE PASS: distinct photographer (greb+peggy) + license (PD-USDA) + >=2 independent subject tokens (drip+pattern+wetting). PROPOSE.
assets/B30_010__LSE_FOUND_B26_PEST_SquashBug_EggCluster_UndersidePumpkinLeaf_Bdm25_CC-BY-SA-4.jpg,assets_root,4,unresolved,,B30_010__LSE_FOUND_B26_PEST_SquashBug_EggCluster_UndersidePumpkinLeaf_Bdm25_CC-BY-SA-4.jpg,0.0,,,,,CCBYSA4,,no source passes photographer+license gate
assets/B30_011__LSE_FOUND_B26_PEST_SquashBug_EggCluster_AnasaTristis_BeatrizMoisset_CC-BY-SA-4.jpg,assets_root,4,unresolved,,B30_011__LSE_FOUND_B26_PEST_SquashBug_EggCluster_AnasaTristis_BeatrizMoisset_CC-BY-SA-4.jpg,0.0,,,,,CCBYSA4,,no source passes photographer+license gate
assets/B30_012__LSE_FOUND_B26_PEST_SquashBug_Nymphs_OnSummerSquash_Pollinator_CC-BY-2-5.jpg,assets_root,4,collision,B08_SummerSquash_SquashVineBorer_LarvaFrassStemCut_CC-BY-2-5_Pollinator.jpg,B30_012__LSE_FOUND_B26_PEST_SquashBug_Nymphs_OnSummerSquash_Pollinator_CC-BY-2-5.jpg,0.0,1200,900,LOWRES<1500,pollinator,CCBY2.5,squash+summer,"COLLISION: source 'B08_SummerSquash_SquashVineBorer_LarvaFrassStemCut_CC-BY-2-5_Pollinator.jpg' also claimed by 2 other slot(s): B30_054__LSE_FOUND_B28_PEST_SquashVineBorer_FrassAtStem_Pollinator_CC-BY-2.5_CONDITIONAL.jpg, B30_055__LSE_FOUND_B28_PEST_SquashVineBorer_LarvaeSplitStemFrass_Pollinator_CC-BY-2.5_CONDITIONAL.jpg. At least one is wrong — NOT proposed."
assets/B30_013__LSE_FOUND_B26_PEST_SquashBug_Adult_MarginalResolution_Downtowngal_CC0.jpg,assets_root,4,unresolved,,B30_013__LSE_FOUND_B26_PEST_SquashBug_Adult_MarginalResolution_Downtowngal_CC0.jpg,0.0,,,,,CC0,,no source passes photographer+license gate
assets/B30_022__LSE_FOUND_B27_ABIOTIC_Tomato_2-4DDrift_CuppedNewGrowth_MaryAnnHansen-Bugwood_CONDITIONAL.jpg,assets_root,4,unresolved,,B30_022__LSE_FOUND_B27_ABIOTIC_Tomato_2-4DDrift_CuppedNewGrowth_MaryAnnHansen-Bugwood_CONDITIONAL.jpg,0.0,,,,,?,,no source passes photographer+license gate
assets/B30_023__LSE_FOUND_B27_ABIOTIC_Tomato_GlyphosateInjury_YellowDistortedNewGrowth_NathanHoward-Bugwood_VERIFY.jpg,assets_root,4,unresolved,,B30_023__LSE_FOUND_B27_ABIOTIC_Tomato_GlyphosateInjury_YellowDistortedNewGrowth_NathanHoward-Bugwood_VERIFY.jpg,0.0,,,,,?,,no source passes photographer+license gate
assets/B30_024__LSE_FOUND_B27_ABIOTIC_Tomato_2-4DInjury_TwistedCurlingShoot_PBacchi-Bugwood_VERIFY.png,assets_root,4,unresolved,,B30_024__LSE_FOUND_B27_ABIOTIC_Tomato_2-4DInjury_TwistedCurlingShoot_PBacchi-Bugwood_VERIFY.png,0.0,,,,,?,,no source passes photographer+license gate
assets/B30_025__LSE_FOUND_B27_ROOTS_Tomato_FusariumWilt_VascularBrowningStemSplit_NCSU-IngaMeadows_VERIFY.jpg,assets_root,4,unresolved,,B30_025__LSE_FOUND_B27_ROOTS_Tomato_FusariumWilt_VascularBrowningStemSplit_NCSU-IngaMeadows_VERIFY.jpg,0.0,,,,,?,,no source passes photographer+license gate
assets/B30_026__LSE_FOUND_B27_ROOTS_Pepper_DampingOff_StemCankerSoilLine_UMass-TSmith_VERIFY.jpg,assets_root,4,unresolved,,B30_026__LSE_FOUND_B27_ROOTS_Pepper_DampingOff_StemCankerSoilLine_UMass-TSmith_VERIFY.jpg,0.0,,,,,?,,no source passes photographer+license gate
assets/B30_027__LSE_FOUND_B27_PEST_Cowpea_CowpeaCurculio_PodCrossSectionLarvaAdult_UGA_VERIFY.jpg,assets_root,4,unresolved,,B30_027__LSE_FOUND_B27_PEST_Cowpea_CowpeaCurculio_PodCrossSectionLarvaAdult_UGA_VERIFY.jpg,0.0,,,,,?,,no source passes photographer+license gate
assets/B30_028__LSE_FOUND_B27_PEST_Cowpea_CowpeaCurculio_LarvaInsidePodRisk_UGA_VERIFY.jpg,assets_root,4,unresolved,,B30_028__LSE_FOUND_B27_PEST_Cowpea_CowpeaCurculio_LarvaInsidePodRisk_UGA_VERIFY.jpg,0.0,,,,,?,,no source passes photographer+license gate
assets/B30_029__LSE_FOUND_B27_PEST_Cowpea_CowpeaCurculio_AdultScouting_UGA_VERIFY.jpg,assets_root,4,unresolved,,B30_029__LSE_FOUND_B27_PEST_Cowpea_CowpeaCurculio_AdultScouting_UGA_VERIFY.jpg,0.0,,,,,?,,no source passes photographer+license gate
assets/B30_030__LSE_FOUND_B27_PEST_Eggplant_FleaBeetle_ShotHolePittedLeaf_DavidCappaert-Bugwood_VERIFY.jpg,assets_root,4,unresolved,,B30_030__LSE_FOUND_B27_PEST_Eggplant_FleaBeetle_ShotHolePittedLeaf_DavidCappaert-Bugwood_VERIFY.jpg,0.0,,,,,?,,no source passes photographer+license gate
assets/B30_031__LSE_FOUND_B27_PEST_Corn_BlackCutworm_SeveredSeedlingDamage_WM-Hantsbarger_CC-BY-3.0-US.jpg,assets_root,4,unresolved,,B30_031__LSE_FOUND_B27_PEST_Corn_BlackCutworm_SeveredSeedlingDamage_WM-Hantsbarger_CC-BY-3.0-US.jpg,0.0,,,,,CCBY3,,no source passes photographer+license gate
assets/B30_032__LSE_FOUND_B27_EXCLUSION_Seedlings_CutwormCollars_CardboardBarrier_KathleenMoore_CC-BY-2.0.jpg,assets_root,4,unresolved,,B30_032__LSE_FOUND_B27_EXCLUSION_Seedlings_CutwormCollars_CardboardBarrier_KathleenMoore_CC-BY-2.0.jpg,0.0,,,,,CCBY2,,no source passes photographer+license gate
assets/B30_033__LSE_FOUND_B27_EXCLUSION_VegetableBeds_FloatingRowCover_PhysicalBarrier_ScotNelson_CONDITIONAL.jpg,assets_root,4,unresolved,,B30_033__LSE_FOUND_B27_EXCLUSION_VegetableBeds_FloatingRowCover_PhysicalBarrier_ScotNelson_CONDITIONAL.jpg,0.0,,,,,?,,no source passes photographer+license gate
assets/B30_034__LSE_FOUND_B27_EXCLUSION_Containers_SlugBarrier_CopperTape_KathleenMoore_CC-BY-2.0.jpg,assets_root,4,unresolved,,B30_034__LSE_FOUND_B27_EXCLUSION_Containers_SlugBarrier_CopperTape_KathleenMoore_CC-BY-2.0.jpg,0.0,,,,,CCBY2,,no source passes photographer+license gate
assets/B30_035__LSE_FOUND_B27_ABIOTIC_Squash_PesticideBurn_SoapPyrethrinLeafScorch_UMD_VERIFY.jpg,assets_root,4,unresolved,,B30_035__LSE_FOUND_B27_ABIOTIC_Squash_PesticideBurn_SoapPyrethrinLeafScorch_UMD_VERIFY.jpg,0.0,,,,,?,,no source passes photographer+license gate
assets/B30_036__LSE_FOUND_B27_ABIOTIC_Bean_PesticideBurn_LeafScorch_UMD_VERIFY.png,assets_root,4,unresolved,,B30_036__LSE_FOUND_B27_ABIOTIC_Bean_PesticideBurn_LeafScorch_UMD_VERIFY.png,0.0,,,,,?,,no source passes photographer+license gate
assets/B30_037__LSE_FOUND_B27_ABIOTIC_VegetableTransplant_ColdFreezeDamage_WhiteLeaves_UMD_VERIFY.jpg,assets_root,4,unresolved,,B30_037__LSE_FOUND_B27_ABIOTIC_VegetableTransplant_ColdFreezeDamage_WhiteLeaves_UMD_VERIFY.jpg,0.0,,,,,?,,no source passes photographer+license gate
assets/B30_038__LSE_FOUND_B27_ABIOTIC_Tomato_FertilizerBurn_YoungLeafScorch_UMD_VERIFY.jpg,assets_root,4,unresolved,,B30_038__LSE_FOUND_B27_ABIOTIC_Tomato_FertilizerBurn_YoungLeafScorch_UMD_VERIFY.jpg,0.0,,,,,?,,no source passes photographer+license gate
assets/B30_039__LSE_FOUND_B27_ABIOTIC_Tomato_FlumioxazinDrift_FruitNecrosis_NCSU-CC-BY-NC-SA_REJECT.png,assets_root,4,unresolved,,B30_039__LSE_FOUND_B27_ABIOTIC_Tomato_FlumioxazinDrift_FruitNecrosis_NCSU-CC-BY-NC-SA_REJECT.png,0.0,,,,,CCBYNCSA,,no source passes photographer+license gate
assets/B30_040__LSE_FOUND_B27_ABIOTIC_Tomato_FlumioxazinDrift_FoliageStemNecrosis_NCSU-CC-BY-NC-SA_REJECT.png,assets_root,4,unresolved,,B30_040__LSE_FOUND_B27_ABIOTIC_Tomato_FlumioxazinDrift_FoliageStemNecrosis_NCSU-CC-BY-NC-SA_REJECT.png,0.0,,,,,CCBYNCSA,,no source passes photographer+license gate
assets/B30_045__LSE_FOUND_B28_ABIOTIC_Tomato_HailDamage_FruitBruisesHoles_DwightSipler_CC-BY-2.0.jpg,assets_root,4,unresolved,,B30_045__LSE_FOUND_B28_ABIOTIC_Tomato_HailDamage_FruitBruisesHoles_DwightSipler_CC-BY-2.0.jpg,0.0,,,,,CCBY2,,no source passes photographer+license gate
assets/B30_046__LSE_FOUND_B28_ROOTS_Tomato_BacterialWilt_StemCrossSection_ClemsonUSDA_CC-BY-3.0.jpg,assets_root,4,unresolved,,B30_046__LSE_FOUND_B28_ROOTS_Tomato_BacterialWilt_StemCrossSection_ClemsonUSDA_CC-BY-3.0.jpg,0.0,,,,(institutional: clemson+usda),CCBY3,,institutional attribution only (clemson+usda) — not a distinct photographer; candidate 'B07_Tomato_EarlyBlight_AlternariaSolani_TargetLeafLesions_CC-BY-3-US_ClemsonUSDA.jpg' NOT proposed.
assets/B30_047__LSE_FOUND_B28_DISEASE_Tomato_RhizoctoniaSolani_FruitRotBlackLesions_JGK_hn_CC-BY-3.0.jpg,assets_root,4,unresolved,,B30_047__LSE_FOUND_B28_DISEASE_Tomato_RhizoctoniaSolani_FruitRotBlackLesions_JGK_hn_CC-BY-3.0.jpg,0.0,,,,,CCBY3,,no source passes photographer+license gate
assets/B30_048__LSE_FOUND_B28_PEST_Brassica_CabbageFlyMaggot_RootDamage_Kohlrabi_SchlagheckenJosef_CC-BY-4.0.jpg,assets_root,4,unresolved,,B30_048__LSE_FOUND_B28_PEST_Brassica_CabbageFlyMaggot_RootDamage_Kohlrabi_SchlagheckenJosef_CC-BY-4.0.jpg,0.0,,,,,CCBY4,,no source passes photographer+license gate
assets/B30_049__LSE_FOUND_B28_SOIL_DroughtDrySoil_CrackingScale_VladislavNekrasov_CC-BY-4.0.jpg,assets_root,4,unresolved,,B30_049__LSE_FOUND_B28_SOIL_DroughtDrySoil_CrackingScale_VladislavNekrasov_CC-BY-4.0.jpg,0.0,,,,,CCBY4,,no source passes photographer+license gate
assets/B30_050__LSE_FOUND_B28_ABIOTIC_Tomato_FrostDamage_LeafFruitBurn_AmroBinKulthoum_CC-BY-SA-3.0.jpg,assets_root,4,unresolved,,B30_050__LSE_FOUND_B28_ABIOTIC_Tomato_FrostDamage_LeafFruitBurn_AmroBinKulthoum_CC-BY-SA-3.0.jpg,0.0,,,,,CCBYSA3,,no source passes photographer+license gate
assets/B30_051__LSE_FOUND_B28_DISEASE_Tomato_SouthernBlight_SclerotiaAtCrown_PersleyCooke_CC-BY-SA-3.0_LOWRES.jpg,assets_root,4,unresolved,,B30_051__LSE_FOUND_B28_DISEASE_Tomato_SouthernBlight_SclerotiaAtCrown_PersleyCooke_CC-BY-SA-3.0_LOWRES.jpg,0.0,,,,,CCBYSA3,,no source passes photographer+license gate
assets/B30_052__LSE_FOUND_B28_PEST_Brassica_CabbageFlyLarva_StalkDamage_PakChoi_SchlagheckenJosef_CC-BY-SA-4.0.jpg,assets_root,4,unresolved,,B30_052__LSE_FOUND_B28_PEST_Brassica_CabbageFlyLarva_StalkDamage_PakChoi_SchlagheckenJosef_CC-BY-SA-4.0.jpg,0.0,,,,josef+schlaghecken,CCBYSA4,,photographer+license gate PASS (josef+schlaghecken / CCBYSA4) but subject does NOT independently corroborate (<2 shared subject tokens) — same photographer's DIFFERENT photo (B09_02_MelonWatermelon_RipeDryBrownTendril_SchlagheckenJosef_CC-BY-SA-4.0_CONDITIONAL.jpg). NOT proposed.
assets/B30_053__LSE_FOUND_B28_PEST_Brassica_DeliaRadicum_MaggotPupaLifeStages_Rasbak_CC-BY-SA-GFDL.jpg,assets_root,4,unresolved,,B30_053__LSE_FOUND_B28_PEST_Brassica_DeliaRadicum_MaggotPupaLifeStages_Rasbak_CC-BY-SA-GFDL.jpg,0.0,,,,rasbak,CCBYSAGFDL,,photographer+license gate PASS (rasbak / CCBYSAGFDL) but subject does NOT independently corroborate (<2 shared subject tokens) — same photographer's DIFFERENT photo (B17_02_Bean_NitrogenDeficiency_CC-BY-SA-GFDL_Rasbak.jpg). NOT proposed.
assets/B30_054__LSE_FOUND_B28_PEST_SquashVineBorer_FrassAtStem_Pollinator_CC-BY-2.5_CONDITIONAL.jpg,assets_root,4,collision,B08_SummerSquash_SquashVineBorer_LarvaFrassStemCut_CC-BY-2-5_Pollinator.jpg,B30_054__LSE_FOUND_B28_PEST_SquashVineBorer_FrassAtStem_Pollinator_CC-BY-2.5_CONDITIONAL.jpg,0.0,1200,900,LOWRES<1500,pollinator,CCBY2.5,borer+squash+stem+vine,"COLLISION: source 'B08_SummerSquash_SquashVineBorer_LarvaFrassStemCut_CC-BY-2-5_Pollinator.jpg' also claimed by 2 other slot(s): B30_012__LSE_FOUND_B26_PEST_SquashBug_Nymphs_OnSummerSquash_Pollinator_CC-BY-2-5.jpg, B30_055__LSE_FOUND_B28_PEST_SquashVineBorer_LarvaeSplitStemFrass_Pollinator_CC-BY-2.5_CONDITIONAL.jpg. At least one is wrong — NOT proposed."
assets/B30_055__LSE_FOUND_B28_PEST_SquashVineBorer_LarvaeSplitStemFrass_Pollinator_CC-BY-2.5_CONDITIONAL.jpg,assets_root,4,collision,B08_SummerSquash_SquashVineBorer_LarvaFrassStemCut_CC-BY-2-5_Pollinator.jpg,B30_055__LSE_FOUND_B28_PEST_SquashVineBorer_LarvaeSplitStemFrass_Pollinator_CC-BY-2.5_CONDITIONAL.jpg,0.0,1200,900,LOWRES<1500,pollinator,CCBY2.5,borer+squash+stem+vine,"COLLISION: source 'B08_SummerSquash_SquashVineBorer_LarvaFrassStemCut_CC-BY-2-5_Pollinator.jpg' also claimed by 2 other slot(s): B30_012__LSE_FOUND_B26_PEST_SquashBug_Nymphs_OnSummerSquash_Pollinator_CC-BY-2-5.jpg, B30_054__LSE_FOUND_B28_PEST_SquashVineBorer_FrassAtStem_Pollinator_CC-BY-2.5_CONDITIONAL.jpg. At least one is wrong — NOT proposed."
assets/B30_056__LSE_FOUND_B28_ABIOTIC_FertilizerBurn_LeafScorchPattern_CannabisCropMismatch_Fenrisulfir_CC-BY-SA-GFDL.jpg,assets_root,4,propose-tier4,B17_03_FertilizerBurn_LeafTipMarginalScorch_CC-BY-SA-GFDL_Fenrisulfir.jpg,B30_056__LSE_FOUND_B28_ABIOTIC_FertilizerBurn_LeafScorchPattern_CannabisCropMismatch_Fenrisulfir_CC-BY-SA-GFDL.jpg,0.8,1301,1925,,fenrisulfir,CCBYSAGFDL,burn+fertilizer+leaf+scorch,GATE PASS: distinct photographer (fenrisulfir) + license (CCBYSAGFDL) + >=2 independent subject tokens (burn+fertilizer+leaf+scorch). PROPOSE.
assets/B30_067__LSE_FOUND_B29_ABIOTIC_ContainerHerbs_SaltBuildup_WhiteSaltCrust_DianeMays_CC-BY-2.0.jpg,assets_root,4,unresolved,,B30_067__LSE_FOUND_B29_ABIOTIC_ContainerHerbs_SaltBuildup_WhiteSaltCrust_DianeMays_CC-BY-2.0.jpg,0.0,,,,,CCBY2,,no source passes photographer+license gate
assets/B30_068__LSE_FOUND_B29_PRACTICAL_ContainerVegetables_ReservoirSpace_WateringDepth_KathleenMoore_CC-BY-2.0.jpg,assets_root,4,unresolved,,B30_068__LSE_FOUND_B29_PRACTICAL_ContainerVegetables_ReservoirSpace_WateringDepth_KathleenMoore_CC-BY-2.0.jpg,0.0,,,,,CCBY2,,no source passes photographer+license gate
assets/B30_069__LSE_FOUND_B29_PRACTICAL_SmallSpaceVegetables_OutdoorRailingContainers_LucyBradley_CC-BY-2.0.jpg,assets_root,4,unresolved,,B30_069__LSE_FOUND_B29_PRACTICAL_SmallSpaceVegetables_OutdoorRailingContainers_LucyBradley_CC-BY-2.0.jpg,0.0,,,,,CCBY2,,no source passes photographer+license gate
assets/B30_070__LSE_FOUND_B29_ABIOTIC_Tomato_HerbicideResidue_CuppedNewGrowth_VCE_PublicUse.jpg,assets_root,4,unresolved,,B30_070__LSE_FOUND_B29_ABIOTIC_Tomato_HerbicideResidue_CuppedNewGrowth_VCE_PublicUse.jpg,0.0,,,,,?,,no source passes photographer+license gate
assets/B30_071__LSE_FOUND_B29_ABIOTIC_Bean_HerbicideInjury_EpinastySwollenStems_VCE_PublicUse.jpg,assets_root,4,unresolved,,B30_071__LSE_FOUND_B29_ABIOTIC_Bean_HerbicideInjury_EpinastySwollenStems_VCE_PublicUse.jpg,0.0,,,,,?,,no source passes photographer+license gate
assets/B30_072__LSE_FOUND_B29_ABIOTIC_Squash_HerbicideResidue_FieldEpinastyTwisting_VCE_PublicUse.jpg,assets_root,4,unresolved,,B30_072__LSE_FOUND_B29_ABIOTIC_Squash_HerbicideResidue_FieldEpinastyTwisting_VCE_PublicUse.jpg,0.0,,,,,?,,no source passes photographer+license gate
assets/B30_073__LSE_FOUND_B29_PRACTICAL_RowCover_LowTunnel_FabricOverHoops_KathleenMoore_CC-BY-2.0.jpg,assets_root,4,unresolved,,B30_073__LSE_FOUND_B29_PRACTICAL_RowCover_LowTunnel_FabricOverHoops_KathleenMoore_CC-BY-2.0.jpg,0.0,,,,,CCBY2,,no source passes photographer+license gate
assets/B30_074__LSE_FOUND_B29_PRACTICAL_HighTunnel_Vegetables_RollUpVentilation_KathleenMoore_CC-BY-2.0.jpg,assets_root,4,unresolved,,B30_074__LSE_FOUND_B29_PRACTICAL_HighTunnel_Vegetables_RollUpVentilation_KathleenMoore_CC-BY-2.0.jpg,0.0,,,,,CCBY2,,no source passes photographer+license gate
assets/B30_075__LSE_FOUND_B29_PRACTICAL_HerbsLettuce_ColdFrame_OpenLid_ChrisAlberti_CC-BY-2.0.jpg,assets_root,4,unresolved,,B30_075__LSE_FOUND_B29_PRACTICAL_HerbsLettuce_ColdFrame_OpenLid_ChrisAlberti_CC-BY-2.0.jpg,0.0,,,,,CCBY2,,no source passes photographer+license gate
assets/B30_076__LSE_FOUND_B29_ROOTS_ContainerRootbound_GirdledRoots_BrendanLandis_CC-BY-SA-2.0.jpg,assets_root,4,unresolved,,B30_076__LSE_FOUND_B29_ROOTS_ContainerRootbound_GirdledRoots_BrendanLandis_CC-BY-SA-2.0.jpg,0.0,,,,,CCBYSA2,,no source passes photographer+license gate
assets/B30_077__LSE_FOUND_B29_HOLD_ABIOTIC_Squash_PesticideBurn_Phytotoxicity_UMD_VERIFY.jpg,assets_root,4,unresolved,,B30_077__LSE_FOUND_B29_HOLD_ABIOTIC_Squash_PesticideBurn_Phytotoxicity_UMD_VERIFY.jpg,0.0,,,,,?,,no source passes photographer+license gate
assets/B30_078__LSE_FOUND_B29_HOLD_ABIOTIC_Bean_PesticideBurn_ScorchedLeaves_UMD_VERIFY.png,assets_root,4,unresolved,,B30_078__LSE_FOUND_B29_HOLD_ABIOTIC_Bean_PesticideBurn_ScorchedLeaves_UMD_VERIFY.png,0.0,,,,,?,,no source passes photographer+license gate
assets/B30_079__LSE_FOUND_B29_HOLD_PEST_Okra_StinkBugDamage_TwistedPods_Clemson_PERMISSION.jpg,assets_root,4,unresolved,,B30_079__LSE_FOUND_B29_HOLD_PEST_Okra_StinkBugDamage_TwistedPods_Clemson_PERMISSION.jpg,0.0,,,,,?,,no source passes photographer+license gate
assets/B30_080__LSE_FOUND_B29_HOLD_ROOTS_Basil_RhizoctoniaRootRot_DarkRoots_MSU_PERMISSION.jpg,assets_root,4,unresolved,,B30_080__LSE_FOUND_B29_HOLD_ROOTS_Basil_RhizoctoniaRootRot_DarkRoots_MSU_PERMISSION.jpg,0.0,,,,,?,,no source passes photographer+license gate
assets/B30_081__LSE_FOUND_B29_HOLD_ROOTS_Strawberry_BlackRootRot_HealthyVsDiseased_NCSU_PERMISSION.jpg,assets_root,4,unresolved,,B30_081__LSE_FOUND_B29_HOLD_ROOTS_Strawberry_BlackRootRot_HealthyVsDiseased_NCSU_PERMISSION.jpg,0.0,,,,,?,,no source passes photographer+license gate
assets/B30_082__LSE_FOUND_B29_HOLD_DISEASE_Tomato_BacterialWilt_StreamingTest_UAEX_PERMISSION.jpg,assets_root,4,unresolved,,B30_082__LSE_FOUND_B29_HOLD_DISEASE_Tomato_BacterialWilt_StreamingTest_UAEX_PERMISSION.jpg,0.0,,,,,?,,no source passes photographer+license gate
assets/lse_figures/LSE_A02_Soil_Food_Web_Functional_Map_Ch02.png,lse_figures,2,rename-on-copy,New image creations final draft\LSE_A02_Soil_Food_Web_Functional_Map_Ch02.png.png,LSE_A02_Soil_Food_Web_Functional_Map_Ch02.png,0.98,1024,1536,,,,,rename-on-copy: 'LSE_A02_Soil_Food_Web_Functional_Map_Ch02.png.png' -> 'LSE_A02_Soil_Food_Web_Functional_Map_Ch02.png'
assets/lse_figures/LSE_A04_Mycorrhizal_Exchange_Defense_Priming_Ch06.png,lse_figures,2,rename-on-copy,New image creations final draft\LSE_A04_Mycorrhizal_Exchange_Defense_Priming_Ch06.png.png,LSE_A04_Mycorrhizal_Exchange_Defense_Priming_Ch06.png,0.98,1122,1402,LOWRES<1500,,,,rename-on-copy: 'LSE_A04_Mycorrhizal_Exchange_Defense_Priming_Ch06.png.png' -> 'LSE_A04_Mycorrhizal_Exchange_Defense_Priming_Ch06.png'
assets/lse_figures/LSE_A05_Regenerative_Permaculture_Garden_System_Ch08.png,lse_figures,2,rename-on-copy,New image creations final draft\LSE_A05_Regenerative_Permaculture_Garden_System_Ch08.png.png,LSE_A05_Regenerative_Permaculture_Garden_System_Ch08.png,0.98,1024,1536,,,,,rename-on-copy: 'LSE_A05_Regenerative_Permaculture_Garden_System_Ch08.png.png' -> 'LSE_A05_Regenerative_Permaculture_Garden_System_Ch08.png'
assets/lse_figures/LSE_A06_Compost_Microscope_Soil_Food_Web_Workflow_Ch09.png,lse_figures,2,rename-on-copy,New image creations final draft\LSE_A06_Compost_Microscope_Soil_Food_Web_Workflow_Ch09.png.png,LSE_A06_Compost_Microscope_Soil_Food_Web_Workflow_Ch09.png,0.98,1536,1024,,,,,rename-on-copy: 'LSE_A06_Compost_Microscope_Soil_Food_Web_Workflow_Ch09.png.png' -> 'LSE_A06_Compost_Microscope_Soil_Food_Web_Workflow_Ch09.png'
assets/lse_figures/LSE_A09_Compost_Maturity_Contamination_Inspection_Ch13.png,lse_figures,2,rename-on-copy,New image creations final draft\LSE_A09_Compost_Maturity_Contamination_Inspection_Ch13.png.png,LSE_A09_Compost_Maturity_Contamination_Inspection_Ch13.png,0.98,1122,1402,LOWRES<1500,,,,rename-on-copy: 'LSE_A09_Compost_Maturity_Contamination_Inspection_Ch13.png.png' -> 'LSE_A09_Compost_Maturity_Contamination_Inspection_Ch13.png'
assets/lse_figures/LSE_A10_Brews_Teas_Ferments_Safety_Station_Ch19.png,lse_figures,2,rename-on-copy,New image creations final draft\LSE_A10_Brews_Teas_Ferments_Safety_Station_Ch19.png.png,LSE_A10_Brews_Teas_Ferments_Safety_Station_Ch19.png,0.98,1122,1402,LOWRES<1500,,,,rename-on-copy: 'LSE_A10_Brews_Teas_Ferments_Safety_Station_Ch19.png.png' -> 'LSE_A10_Brews_Teas_Ferments_Safety_Station_Ch19.png'
assets/lse_figures/LSE_A12_Living_Soil_Container_Cross_Section_Ch22.png,lse_figures,4,unresolved,,LSE_A12_Living_Soil_Container_Cross_Section_Ch22.png,0.0,,,,,,,no source with matching figure code / title
assets/lse_figures/LSE_A13_Cover_Crop_Function_Root_Architecture_Plate_Ch25.png,lse_figures,2,rename-on-copy,New image creations final draft\LSE_A13_Cover_Crop_Function_Root_Architecture_Plate_Ch25.png.png,LSE_A13_Cover_Crop_Function_Root_Architecture_Plate_Ch25.png,0.98,1122,1402,LOWRES<1500,,,,rename-on-copy: 'LSE_A13_Cover_Crop_Function_Root_Architecture_Plate_Ch25.png.png' -> 'LSE_A13_Cover_Crop_Function_Root_Architecture_Plate_Ch25.png'
assets/lse_figures/LSE_A14_Insectary_Pollinator_Guild_Ch28.png,lse_figures,2,rename-on-copy,New image creations final draft\LSE_A14_Insectary_Pollinator_Guild_Ch28.png.png,LSE_A14_Insectary_Pollinator_Guild_Ch28.png,0.98,1122,1402,LOWRES<1500,,,,rename-on-copy: 'LSE_A14_Insectary_Pollinator_Guild_Ch28.png.png' -> 'LSE_A14_Insectary_Pollinator_Guild_Ch28.png'
assets/lse_figures/LSE_A15_Crop_Family_Rotation_Map_Ch29.png,lse_figures,2,rename-on-copy,New image creations final draft\LSE_A15_Crop_Family_Rotation_Map_Ch29.png.png,LSE_A15_Crop_Family_Rotation_Map_Ch29.png,0.98,1122,1402,LOWRES<1500,,,,rename-on-copy: 'LSE_A15_Crop_Family_Rotation_Map_Ch29.png.png' -> 'LSE_A15_Crop_Family_Rotation_Map_Ch29.png'
assets/lse_figures/LSE_A17_Hoop_House_Season_Extension_Setup_Ch36.png,lse_figures,2,rename-on-copy,New image creations final draft\LSE_A17_Hoop_House_Season_Extension_Setup_Ch36.png.png,LSE_A17_Hoop_House_Season_Extension_Setup_Ch36.png,0.98,1024,1536,,,,,rename-on-copy: 'LSE_A17_Hoop_House_Season_Extension_Setup_Ch36.png.png' -> 'LSE_A17_Hoop_House_Season_Extension_Setup_Ch36.png'
assets/lse_figures/LSE_A18_IPM_Pyramid_Scouting_Ch39.png,lse_figures,4,unresolved,,LSE_A18_IPM_Pyramid_Scouting_Ch39.png,0.0,,,,,,,no source with matching figure code / title
assets/lse_figures/LSE_A20_Soil_Microscopy_Workflow_Ch44.png,lse_figures,4,unresolved,,LSE_A20_Soil_Microscopy_Workflow_Ch44.png,0.0,,,,,,,no source with matching figure code / title
assets/lse_figures/LSE_B02_Predator_Driven_Nitrogen_Mineralization_Loop_Ch05.png,lse_figures,2,rename-on-copy,New image creations final draft\LSE_B02_Predator_Driven_Nitrogen_Mineralization_Loop_Ch05.png.png,LSE_B02_Predator_Driven_Nitrogen_Mineralization_Loop_Ch05.png,0.98,1254,1254,LOWRES<1500,,,,rename-on-copy: 'LSE_B02_Predator_Driven_Nitrogen_Mineralization_Loop_Ch05.png.png' -> 'LSE_B02_Predator_Driven_Nitrogen_Mineralization_Loop_Ch05.png'
assets/lse_figures/LSE_B03_Nematode_Mouthpart_Comparison_Ch05_44.png,lse_figures,2,rename-on-copy,New image creations final draft\LSE_B03_Nematode_Mouthpart_Comparison_Ch05_44.png.png,LSE_B03_Nematode_Mouthpart_Comparison_Ch05_44.png,0.98,1122,1402,LOWRES<1500,,,,rename-on-copy: 'LSE_B03_Nematode_Mouthpart_Comparison_Ch05_44.png.png' -> 'LSE_B03_Nematode_Mouthpart_Comparison_Ch05_44.png'
assets/lse_figures/LSE_B05_Mycorrhizal_Inoculation_Failure_Modes_Ch06_17.png,lse_figures,2,rename-on-copy,New image creations final draft\LSE_B05_Mycorrhizal_Inoculation_Failure_Modes_Ch06_17.png.png,LSE_B05_Mycorrhizal_Inoculation_Failure_Modes_Ch06_17.png,0.98,1149,1369,LOWRES<1500,,,,rename-on-copy: 'LSE_B05_Mycorrhizal_Inoculation_Failure_Modes_Ch06_17.png.png' -> 'LSE_B05_Mycorrhizal_Inoculation_Failure_Modes_Ch06_17.png'
assets/lse_figures/LSE_B06_Fungal_Bacterial_Succession_Strip_Ch07.png,lse_figures,4,unresolved,,LSE_B06_Fungal_Bacterial_Succession_Strip_Ch07.png,0.0,,,,,,,no source with matching figure code / title
assets/lse_figures/LSE_B07_Five_Soil_Health_Principles_Wheel_Ch08.png,lse_figures,2,rename-on-copy,New image creations final draft\LSE_B07_Five_Soil_Health_Principles_Wheel_Ch08.png.png,LSE_B07_Five_Soil_Health_Principles_Wheel_Ch08.png,0.98,1254,1254,LOWRES<1500,,,,rename-on-copy: 'LSE_B07_Five_Soil_Health_Principles_Wheel_Ch08.png.png' -> 'LSE_B07_Five_Soil_Health_Principles_Wheel_Ch08.png'
assets/lse_figures/LSE_B08_Thermal_Compost_Process_Ch09_Ch13.png,lse_figures,2,rename-on-copy,New image creations final draft\LSE_B08_Thermal_Compost_Process_Ch09_Ch13.png.png,LSE_B08_Thermal_Compost_Process_Ch09_Ch13.png,0.98,1149,1369,LOWRES<1500,,,,rename-on-copy: 'LSE_B08_Thermal_Compost_Process_Ch09_Ch13.png.png' -> 'LSE_B08_Thermal_Compost_Process_Ch09_Ch13.png'
assets/lse_figures/LSE_B09_Compost_Extract_vs_AACT_Ch09_19.png,lse_figures,4,unresolved,,LSE_B09_Compost_Extract_vs_AACT_Ch09_19.png,0.0,,,,,,,no source with matching figure code / title
assets/lse_figures/LSE_B10_Coots_Mix_1_1_1_Triangle_Ch10_23.png,lse_figures,2,rename-on-copy,New image creations final draft\LSE_B10_Coots_Mix_1_1_1_Triangle_Ch10_23.png.png,LSE_B10_Coots_Mix_1_1_1_Triangle_Ch10_23.png,0.98,1254,1254,LOWRES<1500,,,,rename-on-copy: 'LSE_B10_Coots_Mix_1_1_1_Triangle_Ch10_23.png.png' -> 'LSE_B10_Coots_Mix_1_1_1_Triangle_Ch10_23.png'
assets/lse_figures/LSE_B11_Plant_Health_Pyramid_Evidence_Boundary_Ch11_Ch41.png,lse_figures,2,rename-on-copy,New image creations final draft\LSE_B11_Plant_Health_Pyramid_Evidence_Boundary_Ch11_Ch41.png.png,LSE_B11_Plant_Health_Pyramid_Evidence_Boundary_Ch11_Ch41.png,0.98,1122,1402,LOWRES<1500,,,,rename-on-copy: 'LSE_B11_Plant_Health_Pyramid_Evidence_Boundary_Ch11_Ch41.png.png' -> 'LSE_B11_Plant_Health_Pyramid_Evidence_Boundary_Ch11_Ch41.png'
assets/lse_figures/LSE_B12_KNF_IMO_1_4_Workflow_Ch12_Ch19.png,lse_figures,2,rename-on-copy,New image creations final draft\LSE_B12_KNF_IMO_1_4_Workflow_Ch12_Ch19.png.png,LSE_B12_KNF_IMO_1_4_Workflow_Ch12_Ch19.png,0.98,1122,1402,LOWRES<1500,,,,rename-on-copy: 'LSE_B12_KNF_IMO_1_4_Workflow_Ch12_Ch19.png.png' -> 'LSE_B12_KNF_IMO_1_4_Workflow_Ch12_Ch19.png'
assets/lse_figures/LSE_B13_JADAM_Safety_Plate_Ch12_19_41.png,lse_figures,2,rename-on-copy,New image creations final draft\LSE_B13_JADAM_Safety_Plate_Ch12_19_41.png.png,LSE_B13_JADAM_Safety_Plate_Ch12_19_41.png,0.98,1149,1369,LOWRES<1500,,,,rename-on-copy: 'LSE_B13_JADAM_Safety_Plate_Ch12_19_41.png.png' -> 'LSE_B13_JADAM_Safety_Plate_Ch12_19_41.png'
assets/lse_figures/LSE_B15_Lime_Gypsum_Sulfur_Decision_Tree_Ch14.png,lse_figures,2,rename-on-copy,New image creations final draft\LSE_B15_Lime_Gypsum_Sulfur_Decision_Tree_Ch14.png.png,LSE_B15_Lime_Gypsum_Sulfur_Decision_Tree_Ch14.png,0.98,1199,1312,LOWRES<1500,,,,rename-on-copy: 'LSE_B15_Lime_Gypsum_Sulfur_Decision_Tree_Ch14.png.png' -> 'LSE_B15_Lime_Gypsum_Sulfur_Decision_Tree_Ch14.png'
assets/lse_figures/LSE_B16_Trace_Element_Deficiency_vs_Toxicity_Ch14.png,lse_figures,2,rename-on-copy,New image creations final draft\LSE_B16_Trace_Element_Deficiency_vs_Toxicity_Ch14.png.png,LSE_B16_Trace_Element_Deficiency_vs_Toxicity_Ch14.png,0.98,1402,1122,LOWRES<1500,,,,rename-on-copy: 'LSE_B16_Trace_Element_Deficiency_vs_Toxicity_Ch14.png.png' -> 'LSE_B16_Trace_Element_Deficiency_vs_Toxicity_Ch14.png'
assets/lse_figures/LSE_B17_Microbial_Inoculant_Viability_Root_Contact_Ch17.png,lse_figures,2,rename-on-copy,New image creations final draft\LSE_B17_Microbial_Inoculant_Viability_Root_Contact_Ch17.png.png,LSE_B17_Microbial_Inoculant_Viability_Root_Contact_Ch17.png,0.98,1199,1312,LOWRES<1500,,,,rename-on-copy: 'LSE_B17_Microbial_Inoculant_Viability_Root_Contact_Ch17.png.png' -> 'LSE_B17_Microbial_Inoculant_Viability_Root_Contact_Ch17.png'
assets/lse_figures/LSE_B18_Raw_vs_Charged_Biochar_Ch18.png,lse_figures,2,rename-on-copy,New image creations final draft\LSE_B18_Raw_vs_Charged_Biochar_Ch18.png.png,LSE_B18_Raw_vs_Charged_Biochar_Ch18.png,0.98,1197,1315,LOWRES<1500,,,,rename-on-copy: 'LSE_B18_Raw_vs_Charged_Biochar_Ch18.png.png' -> 'LSE_B18_Raw_vs_Charged_Biochar_Ch18.png'
assets/lse_figures/LSE_B21_Soil_Recipe_Matrix_By_Crop_Type_Ch23.png,lse_figures,2,rename-on-copy,New image creations final draft\LSE_B21_Soil_Recipe_Matrix_By_Crop_Type_Ch23.png.png,LSE_B21_Soil_Recipe_Matrix_By_Crop_Type_Ch23.png,0.98,1536,1024,,,,,rename-on-copy: 'LSE_B21_Soil_Recipe_Matrix_By_Crop_Type_Ch23.png.png' -> 'LSE_B21_Soil_Recipe_Matrix_By_Crop_Type_Ch23.png'
assets/lse_figures/LSE_B22_Top_Dress_Layer_Cake_Ch24.png,lse_figures,2,rename-on-copy,New image creations final draft\LSE_B22_Top_Dress_Layer_Cake_Ch24.png.png,LSE_B22_Top_Dress_Layer_Cake_Ch24.png,0.98,1195,1316,LOWRES<1500,,,,rename-on-copy: 'LSE_B22_Top_Dress_Layer_Cake_Ch24.png.png' -> 'LSE_B22_Top_Dress_Layer_Cake_Ch24.png'
assets/lse_figures/LSE_B23_Cover_Crop_Selector_North_Texas_Ch25.png,lse_figures,2,rename-on-copy,New image creations final draft\LSE_B23_Cover_Crop_Selector_North_Texas_Ch25.png.png,LSE_B23_Cover_Crop_Selector_North_Texas_Ch25.png,0.98,1402,1122,LOWRES<1500,,,,rename-on-copy: 'LSE_B23_Cover_Crop_Selector_North_Texas_Ch25.png.png' -> 'LSE_B23_Cover_Crop_Selector_North_Texas_Ch25.png'
assets/lse_figures/LSE_B24_Companion_Planting_Mechanism_vs_Folklore_Ch26.png,lse_figures,2,rename-on-copy,New image creations final draft\LSE_B24_Companion_Planting_Mechanism_vs_Folklore_Ch26.png.png,LSE_B24_Companion_Planting_Mechanism_vs_Folklore_Ch26.png,0.98,1024,1536,,,,,rename-on-copy: 'LSE_B24_Companion_Planting_Mechanism_vs_Folklore_Ch26.png.png' -> 'LSE_B24_Companion_Planting_Mechanism_vs_Folklore_Ch26.png'
assets/lse_figures/LSE_B25_Seven_Layer_Guild_Design_Texas_Peach_Ch27.png,lse_figures,2,rename-on-copy,New image creations final draft\LSE_B25_Seven_Layer_Guild_Design_Texas_Peach_Ch27.png.png,LSE_B25_Seven_Layer_Guild_Design_Texas_Peach_Ch27.png,0.98,1149,1369,LOWRES<1500,,,,rename-on-copy: 'LSE_B25_Seven_Layer_Guild_Design_Texas_Peach_Ch27.png.png' -> 'LSE_B25_Seven_Layer_Guild_Design_Texas_Peach_Ch27.png'
assets/lse_figures/LSE_B26_Flower_Architecture_For_Beneficial_Insects_Ch28_40.png,lse_figures,2,rename-on-copy,New image creations final draft\LSE_B26_Flower_Architecture_For_Beneficial_Insects_Ch28_40.png.png,LSE_B26_Flower_Architecture_For_Beneficial_Insects_Ch28_40.png,0.98,1198,1313,LOWRES<1500,,,,rename-on-copy: 'LSE_B26_Flower_Architecture_For_Beneficial_Insects_Ch28_40.png.png' -> 'LSE_B26_Flower_Architecture_For_Beneficial_Insects_Ch28_40.png'
assets/lse_figures/LSE_B28_North_Texas_Bed_Pivot_Calendar_Ch25_Ch29_Ch30.png,lse_figures,2,rename-on-copy,New image creations final draft\LSE_B28_North_Texas_Bed_Pivot_Calendar_Ch25_Ch29_Ch30.png.png,LSE_B28_North_Texas_Bed_Pivot_Calendar_Ch25_Ch29_Ch30.png,0.98,1536,1024,,,,,rename-on-copy: 'LSE_B28_North_Texas_Bed_Pivot_Calendar_Ch25_Ch29_Ch30.png.png' -> 'LSE_B28_North_Texas_Bed_Pivot_Calendar_Ch25_Ch29_Ch30.png'
assets/lse_figures/LSE_B29_Herb_Grouping_Matrix_Ch31.png,lse_figures,2,rename-on-copy,New image creations final draft\LSE_B29_Herb_Grouping_Matrix_Ch31.png.png,LSE_B29_Herb_Grouping_Matrix_Ch31.png,0.98,1402,1122,LOWRES<1500,,,,rename-on-copy: 'LSE_B29_Herb_Grouping_Matrix_Ch31.png.png' -> 'LSE_B29_Herb_Grouping_Matrix_Ch31.png'
assets/lse_figures/LSE_B30_Irrigation_Systems_Compared_Ch34.png,lse_figures,2,rename-on-copy,New image creations final draft\LSE_B30_Irrigation_Systems_Compared_Ch34.png.png,LSE_B30_Irrigation_Systems_Compared_Ch34.png,0.98,1536,1024,,,,,rename-on-copy: 'LSE_B30_Irrigation_Systems_Compared_Ch34.png.png' -> 'LSE_B30_Irrigation_Systems_Compared_Ch34.png'
assets/lse_figures/LSE_B32_Tool_Sanitation_Workflow_Ch38_49.png,lse_figures,2,rename-on-copy,New image creations final draft\LSE_B32_Tool_Sanitation_Workflow_Ch38_49.png.png,LSE_B32_Tool_Sanitation_Workflow_Ch38_49.png,0.98,1195,1316,LOWRES<1500,,,,rename-on-copy: 'LSE_B32_Tool_Sanitation_Workflow_Ch38_49.png.png' -> 'LSE_B32_Tool_Sanitation_Workflow_Ch38_49.png'
assets/lse_figures/LSE_B33_Beneficial_Insect_Lifecycle_Plate_Ch40.png,lse_figures,2,rename-on-copy,New image creations final draft\LSE_B33_Beneficial_Insect_Lifecycle_Plate_Ch40.png.png,LSE_B33_Beneficial_Insect_Lifecycle_Plate_Ch40.png,0.98,1536,1024,,,,,rename-on-copy: 'LSE_B33_Beneficial_Insect_Lifecycle_Plate_Ch40.png.png' -> 'LSE_B33_Beneficial_Insect_Lifecycle_Plate_Ch40.png'
assets/lse_figures/LSE_B36_Yellowing_Leaves_Decision_Tree_AppB.png,lse_figures,4,propose-tier4,New image creations final draft\LSE_8_2_Yellowing_Leaves_Decision_Tree_AppB.png.png,LSE_B36_Yellowing_Leaves_Decision_Tree_AppB.png,0.6,1024,1536,,,,,"PROPOSE (your call): same title 'Yellowing_Leaves_Decision_Tree_AppB', different figure code (B36 vs 8_2)"
assets/lse_figures/LSE_C01_Annual_Soil_Building_Calendar_Ch49_AppC.png,lse_figures,2,rename-on-copy,New image creations final draft\LSE_C01_Annual_Soil_Building_Calendar_Ch49_AppC.png.png,LSE_C01_Annual_Soil_Building_Calendar_Ch49_AppC.png,0.98,1536,1024,,,,,rename-on-copy: 'LSE_C01_Annual_Soil_Building_Calendar_Ch49_AppC.png.png' -> 'LSE_C01_Annual_Soil_Building_Calendar_Ch49_AppC.png'
assets/lse_figures/LSE_C02_Seed_Starting_Hardening_Off_Workflow_Ch49.png,lse_figures,2,rename-on-copy,New image creations final draft\LSE_C02_Seed_Starting_Hardening_Off_Workflow_Ch49.png.png,LSE_C02_Seed_Starting_Hardening_Off_Workflow_Ch49.png,0.98,1536,1024,,,,,rename-on-copy: 'LSE_C02_Seed_Starting_Hardening_Off_Workflow_Ch49.png.png' -> 'LSE_C02_Seed_Starting_Hardening_Off_Workflow_Ch49.png'
assets/lse_figures/LSE_C03_Daily_Weekly_Scouting_Route_Ch39_Ch49.png,lse_figures,2,rename-on-copy,New image creations final draft\LSE_C03_Daily_Weekly_Scouting_Route_Ch39_Ch49.png.png,LSE_C03_Daily_Weekly_Scouting_Route_Ch39_Ch49.png,0.98,1536,1024,,,,,rename-on-copy: 'LSE_C03_Daily_Weekly_Scouting_Route_Ch39_Ch49.png.png' -> 'LSE_C03_Daily_Weekly_Scouting_Route_Ch39_Ch49.png'
assets/lse_figures/LSE_C05_Irrigation_Maintenance_Checklist_Ch34_35_49.png,lse_figures,2,rename-on-copy,New image creations final draft\LSE_C05_Irrigation_Maintenance_Checklist_Ch34_35_49.png.png,LSE_C05_Irrigation_Maintenance_Checklist_Ch34_35_49.png,0.98,1024,1536,,,,,rename-on-copy: 'LSE_C05_Irrigation_Maintenance_Checklist_Ch34_35_49.png.png' -> 'LSE_C05_Irrigation_Maintenance_Checklist_Ch34_35_49.png'
assets/lse_figures/LSE_C06_AACT_Brewing_Safety_Workflow_Ch19_Ch49.png,lse_figures,2,rename-on-copy,New image creations final draft\LSE_C06_AACT_Brewing_Safety_Workflow_Ch19_Ch49.png.png,LSE_C06_AACT_Brewing_Safety_Workflow_Ch19_Ch49.png,0.98,1024,1536,,,,,rename-on-copy: 'LSE_C06_AACT_Brewing_Safety_Workflow_Ch19_Ch49.png.png' -> 'LSE_C06_AACT_Brewing_Safety_Workflow_Ch19_Ch49.png'
assets/lse_figures/LSE_C07_Harvest_Postharvest_Handling_Workflow_Ch49.png,lse_figures,2,rename-on-copy,New image creations final draft\LSE_C07_Harvest_Postharvest_Handling_Workflow_Ch49.png.png,LSE_C07_Harvest_Postharvest_Handling_Workflow_Ch49.png,0.98,1536,1024,,,,,rename-on-copy: 'LSE_C07_Harvest_Postharvest_Handling_Workflow_Ch49.png.png' -> 'LSE_C07_Harvest_Postharvest_Handling_Workflow_Ch49.png'
assets/lse_figures/LSE_C08_Crop_Planning_Succession_Board_Ch29_49.png,lse_figures,2,rename-on-copy,New image creations final draft\LSE_C08_Crop_Planning_Succession_Board_Ch29_49.png.png,LSE_C08_Crop_Planning_Succession_Board_Ch29_49.png,0.98,1536,1024,,,,,rename-on-copy: 'LSE_C08_Crop_Planning_Succession_Board_Ch29_49.png.png' -> 'LSE_C08_Crop_Planning_Succession_Board_Ch29_49.png'
assets/lse_figures/LSE_C10_Refractometer_Protocol_Card_Ch47.png,lse_figures,2,rename-on-copy,New image creations final draft\LSE_C10_Refractometer_Protocol_Card_Ch47.png.png,LSE_C10_Refractometer_Protocol_Card_Ch47.png,0.98,1536,1024,,,,,rename-on-copy: 'LSE_C10_Refractometer_Protocol_Card_Ch47.png.png' -> 'LSE_C10_Refractometer_Protocol_Card_Ch47.png'
assets/lse_figures/LSE_C12_Soil_Test_Report_Decoder_Ch45.png,lse_figures,2,rename-on-copy,New image creations final draft\LSE_C12_Soil_Test_Report_Decoder_Ch45.png.png,LSE_C12_Soil_Test_Report_Decoder_Ch45.png,0.98,1536,1024,,,,,rename-on-copy: 'LSE_C12_Soil_Test_Report_Decoder_Ch45.png.png' -> 'LSE_C12_Soil_Test_Report_Decoder_Ch45.png'
assets/lse_figures/LSE_C13_Mobile_vs_Immobile_Nutrient_Symptom_Map_Ch46.png,lse_figures,2,rename-on-copy,New image creations final draft\LSE_C13_Mobile_vs_Immobile_Nutrient_Symptom_Map_Ch46.png.png,LSE_C13_Mobile_vs_Immobile_Nutrient_Symptom_Map_Ch46.png,0.98,1149,1369,LOWRES<1500,,,,rename-on-copy: 'LSE_C13_Mobile_vs_Immobile_Nutrient_Symptom_Map_Ch46.png.png' -> 'LSE_C13_Mobile_vs_Immobile_Nutrient_Symptom_Map_Ch46.png'
assets/lse_figures/LSE_C14_Electroculture_Self_Experiment_Layout_Ch48.png,lse_figures,2,rename-on-copy,New image creations final draft\LSE_C14_Electroculture_Self_Experiment_Layout_Ch48.png.png,LSE_C14_Electroculture_Self_Experiment_Layout_Ch48.png,0.98,1122,1402,LOWRES<1500,,,,rename-on-copy: 'LSE_C14_Electroculture_Self_Experiment_Layout_Ch48.png.png' -> 'LSE_C14_Electroculture_Self_Experiment_Layout_Ch48.png'
assets/lse_figures/LSE_C16_Herb_Barrel_Setup_Sequence_Ch31.png,lse_figures,2,rename-on-copy,New image creations final draft\LSE_C16_Herb_Barrel_Setup_Sequence_Ch31.png.png,LSE_C16_Herb_Barrel_Setup_Sequence_Ch31.png,0.98,1536,1024,,,,,rename-on-copy: 'LSE_C16_Herb_Barrel_Setup_Sequence_Ch31.png.png' -> 'LSE_C16_Herb_Barrel_Setup_Sequence_Ch31.png'
assets/lse_figures/LSE_C17_Basil_Pruning_Downy_Mildew_Scouting_Ch31_42.png,lse_figures,2,rename-on-copy,New image creations final draft\LSE_C17_Basil_Pruning_Downy_Mildew_Scouting_Ch31_42.png.png,LSE_C17_Basil_Pruning_Downy_Mildew_Scouting_Ch31_42.png,0.98,1402,1122,LOWRES<1500,,,,rename-on-copy: 'LSE_C17_Basil_Pruning_Downy_Mildew_Scouting_Ch31_42.png.png' -> 'LSE_C17_Basil_Pruning_Downy_Mildew_Scouting_Ch31_42.png'
assets/lse_figures/LSE_C18_Cilantro_Dill_Cool_Season_Succession_Ch31.png,lse_figures,2,rename-on-copy,New image creations final draft\LSE_C18_Cilantro_Dill_Cool_Season_Succession_Ch31.png.png,LSE_C18_Cilantro_Dill_Cool_Season_Succession_Ch31.png,0.98,1536,1024,,,,,rename-on-copy: 'LSE_C18_Cilantro_Dill_Cool_Season_Succession_Ch31.png.png' -> 'LSE_C18_Cilantro_Dill_Cool_Season_Succession_Ch31.png'
assets/lse_figures/LSE_C19_Woody_Herb_Harvest_Limits_Ch31.png,lse_figures,2,rename-on-copy,New image creations final draft\LSE_C19_Woody_Herb_Harvest_Limits_Ch31.png.png,LSE_C19_Woody_Herb_Harvest_Limits_Ch31.png,0.98,1536,1024,,,,,rename-on-copy: 'LSE_C19_Woody_Herb_Harvest_Limits_Ch31.png.png' -> 'LSE_C19_Woody_Herb_Harvest_Limits_Ch31.png'
assets/lse_figures/LSE_C20_Cover_Crop_Termination_Methods_Small_Beds_Ch25.png,lse_figures,2,rename-on-copy,New image creations final draft\LSE_C20_Cover_Crop_Termination_Methods_Small_Beds_Ch25.png.png,LSE_C20_Cover_Crop_Termination_Methods_Small_Beds_Ch25.png,0.98,1536,1024,,,,,rename-on-copy: 'LSE_C20_Cover_Crop_Termination_Methods_Small_Beds_Ch25.png.png' -> 'LSE_C20_Cover_Crop_Termination_Methods_Small_Beds_Ch25.png'
assets/lse_figures/LSE_D01_Wilt_Triage_Decision_Tree_Ch42.png,lse_figures,2,rename-on-copy,New image creations final draft\LSE_D01_Wilt_Triage_Decision_Tree_Ch42.png.png,LSE_D01_Wilt_Triage_Decision_Tree_Ch42.png,0.98,1122,1402,LOWRES<1500,,,,rename-on-copy: 'LSE_D01_Wilt_Triage_Decision_Tree_Ch42.png.png' -> 'LSE_D01_Wilt_Triage_Decision_Tree_Ch42.png'
assets/lse_figures/LSE_D02_Southern_Blight_vs_White_Mold_Ch42.png,lse_figures,2,rename-on-copy,New image creations final draft\LSE_D02_Southern_Blight_vs_White_Mold_Ch42.png (1).png,LSE_D02_Southern_Blight_vs_White_Mold_Ch42.png,0.98,1402,1122,LOWRES<1500,,,,"rename-on-copy: 'LSE_D02_Southern_Blight_vs_White_Mold_Ch42.png (1).png' -> 'LSE_D02_Southern_Blight_vs_White_Mold_Ch42.png'  [2 source copies; picked lowest index, others ignored: LSE_D02_Southern_Blight_vs_White_Mold_Ch42.png(2).png]"
assets/lse_figures/LSE_D03_Damping_Off_Lookalike_Plate_Ch42_49.png,lse_figures,2,rename-on-copy,New image creations final draft\LSE_D03_Damping_Off_Lookalike_Plate_Ch42_49.png.png,LSE_D03_Damping_Off_Lookalike_Plate_Ch42_49.png,0.98,1402,1122,LOWRES<1500,,,,rename-on-copy: 'LSE_D03_Damping_Off_Lookalike_Plate_Ch42_49.png.png' -> 'LSE_D03_Damping_Off_Lookalike_Plate_Ch42_49.png'
assets/lse_figures/LSE_D04_Root_Knot_Nematode_Diagnosis_Workflow_Ch05_Ch29_Ch42_Ch44.png,lse_figures,2,rename-on-copy,New image creations final draft\LSE_D04_Root_Knot_Nematode_Diagnosis_Workflow_Ch05_Ch29_Ch42_Ch44.png.png,LSE_D04_Root_Knot_Nematode_Diagnosis_Workflow_Ch05_Ch29_Ch42_Ch44.png,0.98,1536,1024,,,,,rename-on-copy: 'LSE_D04_Root_Knot_Nematode_Diagnosis_Workflow_Ch05_Ch29_Ch42_Ch44.png.png' -> 'LSE_D04_Root_Knot_Nematode_Diagnosis_Workflow_Ch05_Ch29_Ch42_Ch44.png'
assets/lse_figures/LSE_D05_Herbicide_Drift_Growth_Regulator_Lookalike_Plate_Ch42.png,lse_figures,2,rename-on-copy,New image creations final draft\LSE_D05_Herbicide_Drift_Growth_Regulator_Lookalike_Plate_Ch42.png.png,LSE_D05_Herbicide_Drift_Growth_Regulator_Lookalike_Plate_Ch42.png,0.98,1536,1024,,,,,rename-on-copy: 'LSE_D05_Herbicide_Drift_Growth_Regulator_Lookalike_Plate_Ch42.png.png' -> 'LSE_D05_Herbicide_Drift_Growth_Regulator_Lookalike_Plate_Ch42.png'
assets/lse_figures/LSE_D13_Squash_Vine_Borer_Scouting_Plate_Ch30_39.png,lse_figures,2,rename-on-copy,New image creations final draft\LSE_D13_Squash_Vine_Borer_Scouting_Plate_Ch30_39.png.png,LSE_D13_Squash_Vine_Borer_Scouting_Plate_Ch30_39.png,0.98,1536,1024,,,,,rename-on-copy: 'LSE_D13_Squash_Vine_Borer_Scouting_Plate_Ch30_39.png.png' -> 'LSE_D13_Squash_Vine_Borer_Scouting_Plate_Ch30_39.png'
assets/lse_figures/LSE_D14_Cucumber_Beetle_Bacterial_Wilt_Vector_Diagram_Ch30_Ch39_Ch42.png,lse_figures,2,rename-on-copy,New image creations final draft\LSE_D14_Cucumber_Beetle_Bacterial_Wilt_Vector_Diagram_Ch30_Ch39_Ch42.png.png,LSE_D14_Cucumber_Beetle_Bacterial_Wilt_Vector_Diagram_Ch30_Ch39_Ch42.png,0.98,1536,1024,,,,,rename-on-copy: 'LSE_D14_Cucumber_Beetle_Bacterial_Wilt_Vector_Diagram_Ch30_Ch39_Ch42.png.png' -> 'LSE_D14_Cucumber_Beetle_Bacterial_Wilt_Vector_Diagram_Ch30_Ch39_Ch42.png'
assets/lse_figures/LSE_D15_Tomato_Leaf_Spot_Lookalikes_Ch42.png,lse_figures,2,rename-on-copy,New image creations final draft\LSE_D15_Tomato_Leaf_Spot_Lookalikes_Ch42.png.png,LSE_D15_Tomato_Leaf_Spot_Lookalikes_Ch42.png,0.98,1536,1024,,,,,rename-on-copy: 'LSE_D15_Tomato_Leaf_Spot_Lookalikes_Ch42.png.png' -> 'LSE_D15_Tomato_Leaf_Spot_Lookalikes_Ch42.png'
assets/lse_figures/LSE_D16_Pepper_Abiotic_Disorders_Herbicide_Lookalikes_Ch42.png,lse_figures,2,rename-on-copy,New image creations final draft\LSE_D16_Pepper_Abiotic_Disorders_Herbicide_Lookalikes_Ch42.png.png,LSE_D16_Pepper_Abiotic_Disorders_Herbicide_Lookalikes_Ch42.png,0.98,1536,1024,,,,,rename-on-copy: 'LSE_D16_Pepper_Abiotic_Disorders_Herbicide_Lookalikes_Ch42.png.png' -> 'LSE_D16_Pepper_Abiotic_Disorders_Herbicide_Lookalikes_Ch42.png'
assets/lse_figures/LSE_D17_Okra_Pod_Injury_Hidden_Pest_Damage_Ch30.png,lse_figures,2,rename-on-copy,New image creations final draft\LSE_D17_Okra_Pod_Injury_Hidden_Pest_Damage_Ch30.png.png,LSE_D17_Okra_Pod_Injury_Hidden_Pest_Damage_Ch30.png,0.98,1536,1024,,,,,rename-on-copy: 'LSE_D17_Okra_Pod_Injury_Hidden_Pest_Damage_Ch30.png.png' -> 'LSE_D17_Okra_Pod_Injury_Hidden_Pest_Damage_Ch30.png'
assets/lse_figures/LSE_D18_Root_Inspection_Nodules_Galls_Root_Disease_Ch05_Ch29_Ch44.png,lse_figures,2,rename-on-copy,New image creations final draft\LSE_D18_Root_Inspection_Nodules_Galls_Root_Disease_Ch05_Ch29_Ch44.png.png,LSE_D18_Root_Inspection_Nodules_Galls_Root_Disease_Ch05_Ch29_Ch44.png,0.98,1536,1024,,,,,rename-on-copy: 'LSE_D18_Root_Inspection_Nodules_Galls_Root_Disease_Ch05_Ch29_Ch44.png.png' -> 'LSE_D18_Root_Inspection_Nodules_Galls_Root_Disease_Ch05_Ch29_Ch44.png'
assets/lse_figures/LSE_D19_Powdery_Mildew_vs_Downy_Mildew_Ch42.png,lse_figures,4,unresolved,,LSE_D19_Powdery_Mildew_vs_Downy_Mildew_Ch42.png,0.0,,,,,,,no source with matching figure code / title
assets/lse_figures/LSE_D20_Basil_Downy_Mildew_vs_Nutrient_Yellowing_Ch31_42.png,lse_figures,2,rename-on-copy,New image creations final draft\LSE_D20_Basil_Downy_Mildew_vs_Nutrient_Yellowing_Ch31_42.png.png,LSE_D20_Basil_Downy_Mildew_vs_Nutrient_Yellowing_Ch31_42.png,0.98,1536,1024,,,,,rename-on-copy: 'LSE_D20_Basil_Downy_Mildew_vs_Nutrient_Yellowing_Ch31_42.png.png' -> 'LSE_D20_Basil_Downy_Mildew_vs_Nutrient_Yellowing_Ch31_42.png'
assets/lse_figures/LSE_E01_North_Texas_Soil_Failure_Modes_Ch20_Ch21_Ch33.png,lse_figures,2,rename-on-copy,New image creations final draft\LSE_E01_North_Texas_Soil_Failure_Modes_Ch20_Ch21_Ch33.png.png,LSE_E01_North_Texas_Soil_Failure_Modes_Ch20_Ch21_Ch33.png,0.98,1536,1024,,,,,rename-on-copy: 'LSE_E01_North_Texas_Soil_Failure_Modes_Ch20_Ch21_Ch33.png.png' -> 'LSE_E01_North_Texas_Soil_Failure_Modes_Ch20_Ch21_Ch33.png'
assets/lse_figures/LSE_E03_Row_Cover_Low_Tunnel_Timing_Plate_Ch30_36_39.png,lse_figures,2,rename-on-copy,New image creations final draft\LSE_E03_Row_Cover_Low_Tunnel_Timing_Plate_Ch30_36_39.png.png,LSE_E03_Row_Cover_Low_Tunnel_Timing_Plate_Ch30_36_39.png,0.98,1536,1024,,,,,rename-on-copy: 'LSE_E03_Row_Cover_Low_Tunnel_Timing_Plate_Ch30_36_39.png.png' -> 'LSE_E03_Row_Cover_Low_Tunnel_Timing_Plate_Ch30_36_39.png'
assets/lse_figures/LSE_E05_Barrel_Herb_Garden_Cross_Section_Ch31.png,lse_figures,2,rename-on-copy,New image creations final draft\LSE_E05_Barrel_Herb_Garden_Cross_Section_Ch31.png.png,LSE_E05_Barrel_Herb_Garden_Cross_Section_Ch31.png,0.98,1402,1122,LOWRES<1500,,,,rename-on-copy: 'LSE_E05_Barrel_Herb_Garden_Cross_Section_Ch31.png.png' -> 'LSE_E05_Barrel_Herb_Garden_Cross_Section_Ch31.png'
assets/lse_figures/LSE_E06_Container_Drainage_Myth_Rocks_At_The_Bottom_Ch22_Ch31.png,lse_figures,2,rename-on-copy,New image creations final draft\LSE_E06_Container_Drainage_Myth_Rocks_At_The_Bottom_Ch22_Ch31.png.png,LSE_E06_Container_Drainage_Myth_Rocks_At_The_Bottom_Ch22_Ch31.png,0.98,1402,1122,LOWRES<1500,,,,rename-on-copy: 'LSE_E06_Container_Drainage_Myth_Rocks_At_The_Bottom_Ch22_Ch31.png.png' -> 'LSE_E06_Container_Drainage_Myth_Rocks_At_The_Bottom_Ch22_Ch31.png'
assets/lse_figures/LSE_E07_Living_Mulch_Insectary_Strip_Boundary_Ch28.png,lse_figures,2,rename-on-copy,New image creations final draft\LSE_E07_Living_Mulch_Insectary_Strip_Boundary_Ch28.png.png,LSE_E07_Living_Mulch_Insectary_Strip_Boundary_Ch28.png,0.98,1536,1024,,,,,rename-on-copy: 'LSE_E07_Living_Mulch_Insectary_Strip_Boundary_Ch28.png.png' -> 'LSE_E07_Living_Mulch_Insectary_Strip_Boundary_Ch28.png'
assets/lse_figures/LSE_E09_Cover_Crop_Failure_Modes_Small_Beds_Ch25.png,lse_figures,2,rename-on-copy,New image creations final draft\LSE_E09_Cover_Crop_Failure_Modes_Small_Beds_Ch25.png.png,LSE_E09_Cover_Crop_Failure_Modes_Small_Beds_Ch25.png,0.98,1536,1024,,,,,rename-on-copy: 'LSE_E09_Cover_Crop_Failure_Modes_Small_Beds_Ch25.png.png' -> 'LSE_E09_Cover_Crop_Failure_Modes_Small_Beds_Ch25.png'
assets/lse_figures/LSE_E10_Pollinator_Safe_Spray_Timing_Ch28_39_41.png,lse_figures,2,rename-on-copy,New image creations final draft\LSE_E10_Pollinator_Safe_Spray_Timing_Ch28_39_41.png.png,LSE_E10_Pollinator_Safe_Spray_Timing_Ch28_39_41.png,0.98,1536,1024,,,,,rename-on-copy: 'LSE_E10_Pollinator_Safe_Spray_Timing_Ch28_39_41.png.png' -> 'LSE_E10_Pollinator_Safe_Spray_Timing_Ch28_39_41.png'
assets/lse_figures/LSE_E11_North_Texas_Insectary_Bloom_Succession_Calendar_Ch28_40.png,lse_figures,2,rename-on-copy,New image creations final draft\LSE_E11_North_Texas_Insectary_Bloom_Succession_Calendar_Ch28_40.png.png,LSE_E11_North_Texas_Insectary_Bloom_Succession_Calendar_Ch28_40.png,0.98,1536,1024,,,,,rename-on-copy: 'LSE_E11_North_Texas_Insectary_Bloom_Succession_Calendar_Ch28_40.png.png' -> 'LSE_E11_North_Texas_Insectary_Bloom_Succession_Calendar_Ch28_40.png'
assets/lse_figures/LSE_E12_Trap_Crop_Decision_Nasturtium_Aphids_Ch26_Ch28_Ch39.png,lse_figures,2,rename-on-copy,New image creations final draft\LSE_E12_Trap_Crop_Decision_Nasturtium_Aphids_Ch26_Ch28_Ch39.png.png,LSE_E12_Trap_Crop_Decision_Nasturtium_Aphids_Ch26_Ch28_Ch39.png,0.98,1536,1024,,,,,rename-on-copy: 'LSE_E12_Trap_Crop_Decision_Nasturtium_Aphids_Ch26_Ch28_Ch39.png.png' -> 'LSE_E12_Trap_Crop_Decision_Nasturtium_Aphids_Ch26_Ch28_Ch39.png'
assets/lse_figures/LSE_E14_Hoop_House_Spring_Rain_vs_Summer_Heat_Ch36.png,lse_figures,2,rename-on-copy,New image creations final draft\LSE_E14_Hoop_House_Spring_Rain_vs_Summer_Heat_Ch36.png.png,LSE_E14_Hoop_House_Spring_Rain_vs_Summer_Heat_Ch36.png,0.98,1536,1024,,,,,rename-on-copy: 'LSE_E14_Hoop_House_Spring_Rain_vs_Summer_Heat_Ch36.png.png' -> 'LSE_E14_Hoop_House_Spring_Rain_vs_Summer_Heat_Ch36.png'
assets/lse_figures/LSE_E16_Light_Metrics_PPFD_DLI_Concept_Ch37.png,lse_figures,2,rename-on-copy,New image creations final draft\LSE_E16_Light_Metrics_PPFD_DLI_Concept_Ch37.png.png,LSE_E16_Light_Metrics_PPFD_DLI_Concept_Ch37.png,0.98,1536,1024,,,,,rename-on-copy: 'LSE_E16_Light_Metrics_PPFD_DLI_Concept_Ch37.png.png' -> 'LSE_E16_Light_Metrics_PPFD_DLI_Concept_Ch37.png'
assets/user_created_web/UCI_002_Bacterial_vs_Fungal_Soil_Dominance.png,user_created_web,1,exact-copy,New image creations final draft\UCI_002_Bacterial_vs_Fungal_Soil_Dominance.png,UCI_002_Bacterial_vs_Fungal_Soil_Dominance.png,1.0,1122,1402,LOWRES<1500,,,,exact basename
assets/user_created_web/UCI_003_The_Nutrient_Mineralization_Loop.png,user_created_web,1,exact-copy,New image creations final draft\UCI_003_The_Nutrient_Mineralization_Loop.png,UCI_003_The_Nutrient_Mineralization_Loop.png,1.0,1190,1322,LOWRES<1500,,,,exact basename
assets/user_created_web/UCI_004_Soil_Nutrient_Availability.png,user_created_web,1,exact-copy,New image creations final draft\UCI_004_Soil_Nutrient_Availability.png,UCI_004_Soil_Nutrient_Availability.png,1.0,1402,1122,LOWRES<1500,,,,exact basename
assets/user_created_web/UCI_005_ISR_and_SAR_The_Plant_Immune_System.png,user_created_web,1,exact-copy,New image creations final draft\UCI_005_ISR_and_SAR_The_Plant_Immune_System.png,UCI_005_ISR_and_SAR_The_Plant_Immune_System.png,1.0,1402,1122,LOWRES<1500,,,,exact basename
assets/user_created_web/UCI_006_Permaculture_Zone_Map.png,user_created_web,1,exact-copy,New image creations final draft\UCI_006_Permaculture_Zone_Map.png,UCI_006_Permaculture_Zone_Map.png,1.0,1254,1254,LOWRES<1500,,,,exact basename
assets/user_created_web/UCI_007_Composite_Method_Reference.png,user_created_web,1,exact-copy,New image creations final draft\UCI_007_Composite_Method_Reference.png,UCI_007_Composite_Method_Reference.png,1.0,1536,1024,,,,,exact basename
assets/user_created_web/UCI_008_Soil_Input_Categories_Overview.png,user_created_web,1,exact-copy,New image creations final draft\UCI_008_Soil_Input_Categories_Overview.png,UCI_008_Soil_Input_Categories_Overview.png,1.0,1448,1086,LOWRES<1500,,,,exact basename
assets/user_created_web/UCI_009_Fungal_Bacterial_Input_Guide.png,user_created_web,1,exact-copy,New image creations final draft\UCI_009_Fungal_Bacterial_Input_Guide.png,UCI_009_Fungal_Bacterial_Input_Guide.png,1.0,1536,1024,,,,,exact basename
assets/user_created_web/UCI_010_Biochar_Charging_Process.png,user_created_web,1,exact-copy,New image creations final draft\UCI_010_Biochar_Charging_Process.png,UCI_010_Biochar_Charging_Process.png,1.0,1448,1086,LOWRES<1500,,,,exact basename
assets/user_created_web/UCI_011_AACT_Brewing_Setup.png,user_created_web,1,exact-copy,New image creations final draft\UCI_011_AACT_Brewing_Setup.png,UCI_011_AACT_Brewing_Setup.png,1.0,1448,1086,LOWRES<1500,,,,exact basename
assets/user_created_web/UCI_012_Raised_Bed_Cross_Section_Layers_and_Fill_Strategy.png,user_created_web,1,exact-copy,New image creations final draft\UCI_012_Raised_Bed_Cross_Section_Layers_and_Fill_Strategy.png,UCI_012_Raised_Bed_Cross_Section_Layers_and_Fill_Strategy.png,1.0,1536,1024,,,,,exact basename
assets/user_created_web/UCI_013_Beneficial_Insectary_Bloom_Calendar.png,user_created_web,1,exact-copy,New image creations final draft\UCI_013_Beneficial_Insectary_Bloom_Calendar.png,UCI_013_Beneficial_Insectary_Bloom_Calendar.png,1.0,1536,1024,,,,,exact basename
assets/user_created_web/UCI_014_No_Till_Top_Dressing_Cycle.png,user_created_web,1,exact-copy,New image creations final draft\UCI_014_No_Till_Top_Dressing_Cycle.png,UCI_014_No_Till_Top_Dressing_Cycle.png,1.0,1254,1254,LOWRES<1500,,,,exact basename
assets/user_created_web/UCI_015_Three_Sisters_Guild.png,user_created_web,1,exact-copy,New image creations final draft\UCI_015_Three_Sisters_Guild.png,UCI_015_Three_Sisters_Guild.png,1.0,1254,1254,LOWRES<1500,,,,exact basename
assets/user_created_web/UCI_016_Polyculture_Guild_Design.png,user_created_web,1,exact-copy,New image creations final draft\UCI_016_Polyculture_Guild_Design.png,UCI_016_Polyculture_Guild_Design.png,1.0,1122,1402,LOWRES<1500,,,,exact basename
assets/user_created_web/UCI_017_North_Texas_Crop_Calendar.png,user_created_web,1,exact-copy,New image creations final draft\UCI_017_North_Texas_Crop_Calendar.png,UCI_017_North_Texas_Crop_Calendar.png,1.0,1536,1024,,,,,exact basename
assets/user_created_web/UCI_018_Comparing_Irrigation_Systems_for_Home_Gardens.png,user_created_web,1,exact-copy,New image creations final draft\UCI_018_Comparing_Irrigation_Systems_for_Home_Gardens.png,UCI_018_Comparing_Irrigation_Systems_for_Home_Gardens.png,1.0,1536,1024,,,,,exact basename
assets/user_created_web/UCI_020_Common_Dallas_Pest_Identification_Guide.png,user_created_web,1,exact-copy,New image creations final draft\UCI_020_Common_Dallas_Pest_Identification_Guide.png,UCI_020_Common_Dallas_Pest_Identification_Guide.png,1.0,1536,1024,,,,,exact basename
assets/user_created_web/UCI_021_Refractometer_Use_Protocol.png,user_created_web,1,exact-copy,New image creations final draft\UCI_021_Refractometer_Use_Protocol.png,UCI_021_Refractometer_Use_Protocol.png,1.0,1662,946,,,,,exact basename
assets/user_created_web/UCI_022_Irrigation_Systems_Comparison.png,user_created_web,1,exact-copy,New image creations final draft\UCI_022_Irrigation_Systems_Comparison.png,UCI_022_Irrigation_Systems_Comparison.png,1.0,1536,1024,,,,,exact basename
assets/user_created_web/UCI_023_Soil_Test_Results_How_to_Read_Them.png,user_created_web,1,exact-copy,New image creations final draft\UCI_023_Soil_Test_Results_How_to_Read_Them.png,UCI_023_Soil_Test_Results_How_to_Read_Them.png,1.0,1536,1024,,,,,exact basename
assets/user_created_web/UCI_024_Rainwater_Harvesting_System_Home_Scale.png,user_created_web,1,exact-copy,New image creations final draft\UCI_024_Rainwater_Harvesting_System_Home_Scale.png,UCI_024_Rainwater_Harvesting_System_Home_Scale.png,1.0,1536,1024,,,,,exact basename
assets/user_created_web/UCI_025_Brix_Monitoring_Chart.png,user_created_web,1,exact-copy,New image creations final draft\UCI_025_Brix_Monitoring_Chart.png,UCI_025_Brix_Monitoring_Chart.png,1.0,1536,1024,,,,,exact basename
assets/user_created_web/UCI_026_Electroculture_Experimental_Protocol_Layout.png,user_created_web,1,exact-copy,New image creations final draft\UCI_026_Electroculture_Experimental_Protocol_Layout.png,UCI_026_Electroculture_Experimental_Protocol_Layout.png,1.0,1536,1024,,,,,exact basename
assets/user_created_web/UCI_027_Plant_Electrophysiology_Electrical_Signaling_Pathways.png,user_created_web,1,exact-copy,New image creations final draft\UCI_027_Plant_Electrophysiology_Electrical_Signaling_Pathways.png,UCI_027_Plant_Electrophysiology_Electrical_Signaling_Pathways.png,1.0,1149,1369,LOWRES<1500,,,,exact basename
assets/user_created_web/UCI_028_Seasonal_Planting_Calendar.png,user_created_web,1,exact-copy,New image creations final draft\UCI_028_Seasonal_Planting_Calendar.png,UCI_028_Seasonal_Planting_Calendar.png,1.0,1536,1024,,,,,exact basename
assets/user_created_web/UCI_029_Troubleshooting_Decision_Tree_Yellowing_Leaves.png,user_created_web,1,exact-copy,New image creations final draft\UCI_029_Troubleshooting_Decision_Tree_Yellowing_Leaves.png,UCI_029_Troubleshooting_Decision_Tree_Yellowing_Leaves.png,1.0,1536,1024,,,,,exact basename
assets/user_created_web/UCI_030_Conversion_and_Dilution_Reference_Chart.png,user_created_web,1,exact-copy,New image creations final draft\UCI_030_Conversion_and_Dilution_Reference_Chart.png,UCI_030_Conversion_and_Dilution_Reference_Chart.png,1.0,1024,1536,,,,,exact basename
assets/user_created_web/UCI_031_Home_Brew_Feed_Quick_Reference_Card.png,user_created_web,1,exact-copy,New image creations final draft\UCI_031_Home_Brew_Feed_Quick_Reference_Card.png,UCI_031_Home_Brew_Feed_Quick_Reference_Card.png,1.0,1024,1536,,,,,exact basename
